Timestamp,Resistance,delta-Resistance,SoC_%,SoH_%,Temperature,Label
01/01/2025 00:00,0.0634,0.00764,42.4,96.67,24.81,Critical
01/01/2025 00:01,0.101955023,-0.00061,52.9,96.36,11.84452399,Normal
01/01/2025 00:02,0.122117207,-0.00025,49.4,93.18,11.37483683,Critical
01/01/2025 00:03,0.055096439,0.0012,46.7,89.85,29.48926319,Normal
01/01/2025 00:04,0.04121057,-0.00067,41.1,89.39,31.6488743,Critical
01/01/2025 00:05,0.116227867,0.00034,46,93.94,27.96117459,Early
01/01/2025 00:06,0.072345903,0.01043,41.1,97.58,23.75925949,Normal
01/01/2025 00:07,0.135277016,-0.00085,46,95.45,42.34508709,Critical
01/01/2025 00:08,0.036108157,-8.00E-05,38.8,88.94,5.35516641,Normal
01/01/2025 00:09,0.130264131,0.0012,44.4,90.15,16.86331059,Early
01/01/2025 00:10,0.054053015,0.01162,48.1,88.03,36.21259869,Early
01/01/2025 00:11,0.028392578,-0.00067,40.7,86.06,4.210152742,Critical
01/01/2025 00:12,0.0546,0.0001,40.3,86.21,24.56,Normal
01/01/2025 00:13,0.0542,-0.00078,48.5,90.45,26.02,Normal
01/01/2025 00:14,0.091140822,0.00974,46.7,86.67,39.14516461,Normal
01/01/2025 00:15,0.105860677,-0.00045,45.3,92.58,24.49830624,Normal
01/01/2025 00:16,0.063713712,-0.00186,45.3,97.27,37.00530707,Early
01/01/2025 00:17,0.080026027,-0.00125,49.4,86.52,21.26112573,Early
01/01/2025 00:18,0.052727332,0.00074,37.6,91.82,23.81694506,Normal
01/01/2025 00:19,0.028721345,-0.00071,41.3,90.3,14.02922642,Early
01/01/2025 00:20,0.126885757,-0.00125,47.6,94.24,22.95879766,Early
01/01/2025 00:21,0.078210942,0.00034,45.8,90,17.43463429,Normal
01/01/2025 00:22,0.09942609,0.00072,42.5,88.94,20.51174202,Critical
01/01/2025 00:23,0.032665815,0.0012,47.7,86.97,38.4427208,Early
01/01/2025 00:24,0.072474538,-8.00E-05,48.1,97.73,32.83252385,Critical
01/01/2025 00:25,0.040587093,0,41.1,90,20.46644857,Normal
01/01/2025 00:26,0.051663792,0.0017,51,98.18,17.90476858,Early
01/01/2025 00:27,0.118650469,-0.00267,49.8,92.42,19.65928441,Normal
01/01/2025 00:28,0.0657,0.0112,48.6,88.48,25.42,Critical
01/01/2025 00:29,0.070477981,-0.00041,38.5,86.67,8.911075587,Early
01/01/2025 00:30,0.111204167,0.00974,43.2,96.82,29.46577286,Normal
01/01/2025 00:31,0.122583228,0.00122,47.7,93.03,23.77095401,Critical
01/01/2025 00:32,0.0536,0.00141,38.6,98.03,25.6,Early
01/01/2025 00:33,0.119108822,0.00154,46.3,97.88,36.87162547,Normal
01/01/2025 00:34,0.131311683,-0.00061,46.9,90.15,11.29135514,Critical
01/01/2025 00:35,0.0739,0.00847,47.6,95.76,24.19,Critical
01/01/2025 00:36,0.0555,-0.0005,51,89.09,24.92,Normal
01/01/2025 00:37,0.080627662,0.00065,50.7,87.12,7.640083642,Early
01/01/2025 00:38,0.066630312,-0.02895,45.3,95.91,32.64716299,Critical
01/01/2025 00:39,0.04121057,-0.00067,41.1,89.39,31.6488743,Critical
01/01/2025 00:40,0.087063977,0.00034,52.4,95.76,33.80258192,Normal
01/01/2025 00:41,0.122583228,0.00122,47.7,93.03,23.77095401,Critical
01/01/2025 00:42,0.09707459,0.00076,41.1,93.18,32.19702199,Critical
01/01/2025 00:43,0.0539,-0.00085,45.8,95,24.51,Normal
01/01/2025 00:44,0.0553,0.0012,41.8,93.94,24.44,Early
01/01/2025 00:45,0.09707459,0.00076,41.1,93.18,32.19702199,Critical
01/01/2025 00:46,0.046801911,0.00055,44.2,87.12,24.6069473,Normal
01/01/2025 00:47,0.055,-0.0009,50.7,90.61,24.81,Normal
01/01/2025 00:48,0.028721345,-0.00071,41.3,90.3,14.02922642,Early
01/01/2025 00:49,0.121848921,-0.0284,37.8,89.39,15.51718466,Critical
01/01/2025 00:50,0.128544364,0.00237,49.8,88.33,13.09403932,Normal
01/01/2025 00:51,0.116227867,0.00034,46,93.94,27.96117459,Early
01/01/2025 00:52,0.092758163,0.0009,46,86.21,12.20181314,Normal
01/01/2025 00:53,0.0551,-0.00099,44.2,86.52,24.73,Normal
01/01/2025 00:54,0.089302035,0.0017,44.7,93.03,27.10527816,Normal
01/01/2025 00:55,0.055,0.0017,41.5,85.3,25.82,Early
01/01/2025 00:56,0.12882881,0.00766,51,92.12,33.04483376,Normal
01/01/2025 00:57,0.0848,0.00974,47.8,88.18,25.42,Critical
01/01/2025 00:58,0.121321874,0.00974,40.4,96.97,17.21393925,Early
01/01/2025 00:59,0.0572,0.00189,50.2,89.55,24.67,Early
01/01/2025 01:00,0.117154277,-0.00099,48.6,97.42,17.28585651,Normal
01/01/2025 01:01,0.06269926,-0.00078,49.8,90.3,35.98148524,Normal
01/01/2025 01:02,0.036221485,0.00027,46.8,85.15,20.9438745,Early
01/01/2025 01:03,0.095337224,-0.00181,37.8,91.97,30.05468844,Normal
01/01/2025 01:04,0.0634,0.00764,42.4,96.67,24.81,Critical
01/01/2025 01:05,0.050207124,-0.00025,48.5,98.18,39.98669781,Critical
01/01/2025 01:06,0.038621854,0.00222,48.6,98.79,26.6310648,Critical
01/01/2025 01:07,0.095677299,0.0017,40.3,96.36,28.99903948,Early
01/01/2025 01:08,0.077741277,0.00072,52.7,98.48,34.02007699,Early
01/01/2025 01:09,0.053372507,0.0001,51.2,88.18,18.51031579,Critical
01/01/2025 01:10,0.04121057,-0.00067,41.1,89.39,31.6488743,Critical
01/01/2025 01:11,0.0572,0.00189,50.2,89.55,24.67,Early
01/01/2025 01:12,0.05500595,-0.00064,39.3,90,18.20417213,Critical
01/01/2025 01:13,0.055,0.00086,46.8,93.03,25.59,Normal
01/01/2025 01:14,0.091402148,-0.00061,46.7,87.88,40.52663009,Normal
01/01/2025 01:15,0.0732,0.00974,41.1,96.52,25.42,Critical
01/01/2025 01:16,0.080627662,0.00065,50.7,87.12,7.640083642,Early
01/01/2025 01:17,0.0558,0.0034,41.3,96.82,25.24,Early
01/01/2025 01:18,0.060646984,0.00189,41.8,94.55,25.27429919,Early
01/01/2025 01:19,0.042015271,0.00065,44.8,91.52,31.32735426,Normal
01/01/2025 01:20,0.043539407,0.0112,44.2,87.58,23.45429928,Normal
01/01/2025 01:21,0.086907647,0.00077,50.7,97.58,20.86815738,Normal
01/01/2025 01:22,0.096010341,-0.00143,49.2,93.03,18.15485506,Normal
01/01/2025 01:23,0.086015123,0.00028,48.8,98.33,19.89272462,Critical
01/01/2025 01:24,0.045438871,0,43.2,93.33,23.92363014,Critical
01/01/2025 01:25,0.12647586,0.00034,44.8,92.27,26.93177513,Early
01/01/2025 01:26,0.048536166,-0.00067,46.9,94.24,19.15090504,Critical
01/01/2025 01:27,0.130180829,0.0034,41.1,98.48,43.97413998,Early
01/01/2025 01:28,0.072557535,0.00027,42.8,85.61,11.28428555,Critical
01/01/2025 01:29,0.114328335,-0.00099,43.2,87.88,42.48395143,Critical
01/01/2025 01:30,0.041522982,0.02165,41.3,85,39.86441052,Early
01/01/2025 01:31,0.116227867,0.00034,46,93.94,27.96117459,Early
01/01/2025 01:32,0.072209758,0.00086,52.9,92.88,40.13455251,Early
01/01/2025 01:33,0.125639355,0.00122,52.9,90.45,5.923785759,Normal
01/01/2025 01:34,0.046138482,0.0001,41.1,93.48,16.58386227,Early
01/01/2025 01:35,0.106694581,-0.00111,39.5,95.45,14.24062127,Normal
01/01/2025 01:36,0.0551,-0.00061,41.3,87.27,23.9,Normal
01/01/2025 01:37,0.0956,0.02165,49.6,95.61,24.94,Critical
01/01/2025 01:38,0.063410073,0.01173,41.3,91.97,40.62054709,Early
01/01/2025 01:39,0.115003026,-0.00017,50.7,90.91,14.7964489,Early
01/01/2025 01:40,0.038493144,0.00034,43.2,96.21,8.667842566,Critical
01/01/2025 01:41,0.122583228,0.00122,47.7,93.03,23.77095401,Critical
01/01/2025 01:42,0.125275808,0.00034,44.2,97.42,22.92664804,Normal
01/01/2025 01:43,0.049821445,-0.00141,40.1,95,29.35034255,Early
01/01/2025 01:44,0.055,0.0017,41.5,85.3,25.82,Early
01/01/2025 01:45,0.0553,-0.00181,51.8,89.39,25.28,Normal
01/01/2025 01:46,0.137870225,0.00082,48.6,89.24,8.263149205,Early
01/01/2025 01:47,0.030092119,-0.00064,47.4,96.52,35.99128088,Normal
01/01/2025 01:48,0.063410073,0.01173,41.3,91.97,40.62054709,Early
01/01/2025 01:49,0.127867185,-0.00141,44.5,89.09,14.74689928,Normal
01/01/2025 01:50,0.136024243,-0.00064,46.7,86.97,8.169878642,Normal
01/01/2025 01:51,0.081997745,-0.00057,51.3,87.73,11.70396111,Normal
01/01/2025 01:52,0.081350427,0.0001,41.9,99.55,11.98027709,Normal
01/01/2025 01:53,0.0739,0.00847,47.6,95.76,24.19,Critical
01/01/2025 01:54,0.076696675,0.02165,48.6,96.97,32.27921845,Normal
01/01/2025 01:55,0.085855795,-0.00036,42.4,93.79,14.89207419,Critical
01/01/2025 01:56,0.081708506,0.00936,49.2,88.79,27.89112329,Early
01/01/2025 01:57,0.0634,0.00764,42.4,96.67,24.81,Critical
01/01/2025 01:58,0.0542,0.00122,45.3,93.18,24.55,Early
01/01/2025 01:59,0.034781428,-0.00363,38.6,97.27,7.536328935,Early
01/01/2025 02:00,0.136166519,0.0009,40.1,98.94,29.329631,Normal
01/01/2025 02:01,0.028721345,-0.00071,41.3,90.3,14.02922642,Early
01/01/2025 02:02,0.030312287,-0.00013,46.9,99.24,19.1691434,Normal
01/01/2025 02:03,0.03691791,0.00074,40.7,90,23.20183868,Critical
01/01/2025 02:04,0.0734394,0.00043,37.4,94.55,37.59155438,Critical
01/01/2025 02:05,0.080769449,0.00222,52.7,85.76,9.552990938,Normal
01/01/2025 02:06,0.037141588,0.01173,38.5,96.06,19.86597492,Critical
01/01/2025 02:07,0.111088566,-0.00045,47.6,89.7,41.05797694,Early
01/01/2025 02:08,0.103052373,-0.00013,46.8,85.76,14.54735211,Early
01/01/2025 02:09,0.094170999,0.00086,41.9,99.39,43.41469249,Normal
01/01/2025 02:10,0.041856074,0.00189,40.3,92.58,41.31752268,Critical
01/01/2025 02:11,0.115295337,0.00204,42.4,96.36,11.37851486,Normal
01/01/2025 02:12,0.072474538,-8.00E-05,48.1,97.73,32.83252385,Critical
01/01/2025 02:13,0.103947652,0.0007,53.2,92.42,9.643273951,Critical
01/01/2025 02:14,0.046138482,0.0001,41.1,93.48,16.58386227,Early
01/01/2025 02:15,0.0548,-0.00045,41.1,93.79,24.02,Normal
01/01/2025 02:16,0.080627662,0.00065,50.7,87.12,7.640083642,Early
01/01/2025 02:17,0.065517152,0.00847,39,88.03,43.218509,Critical
01/01/2025 02:18,0.053,-0.00223,41.9,93.33,25.43,Normal
01/01/2025 02:19,0.111559424,0.00068,43.3,94.85,25.40278876,Normal
01/01/2025 02:20,0.04121057,-0.00067,41.1,89.39,31.6488743,Critical
01/01/2025 02:21,0.087902897,0.00974,48.8,91.67,27.09945084,Normal
01/01/2025 02:22,0.136018176,0.01043,48.8,88.18,37.54330235,Normal
01/01/2025 02:23,0.0559,0.0009,40.3,85.15,24.9,Normal
01/01/2025 02:24,0.035056838,-0.00064,46.8,93.03,42.36299178,Normal
01/01/2025 02:25,0.048103574,0.00077,53,85.45,16.31108959,Early
01/01/2025 02:26,0.122044137,0.0009,51.8,100,12.95396264,Critical
01/01/2025 02:27,0.116918604,-0.00158,47.7,91.21,40.42496014,Normal
01/01/2025 02:28,0.086015123,0.00028,48.8,98.33,19.89272462,Critical
01/01/2025 02:29,0.131311683,-0.00061,46.9,90.15,11.29135514,Critical
01/01/2025 02:30,0.0561,0.00154,39.1,85.61,26.2,Early
01/01/2025 02:31,0.066630312,-0.02895,45.3,95.91,32.64716299,Critical
01/01/2025 02:32,0.0734394,0.00043,37.4,94.55,37.59155438,Critical
01/01/2025 02:33,0.0553,0.00034,47.7,89.7,25.22,Normal
01/01/2025 02:34,0.094619158,-0.00067,43.3,91.67,28.83222738,Normal
01/01/2025 02:35,0.039332706,0.00043,39.8,90.15,5.218886109,Normal
01/01/2025 02:36,0.088121072,-0.00067,49.6,86.52,40.02289205,Critical
01/01/2025 02:37,0.124463114,0.00104,41.9,98.48,7.468208474,Normal
01/01/2025 02:38,0.056586598,-0.02895,37.8,94.85,5.834450656,Critical
01/01/2025 02:39,0.038621854,0.00222,48.6,98.79,26.6310648,Critical
01/01/2025 02:40,0.067866879,0.00074,44.5,93.33,29.71702254,Normal
01/01/2025 02:41,0.091306034,-0.0009,38.8,96.67,37.69256141,Critical
01/01/2025 02:42,0.027746955,0.00974,47.3,88.94,31.87845849,Normal
01/01/2025 02:43,0.060958714,9.00E-05,40.7,90.76,22.96949235,Normal
01/01/2025 02:44,0.058696456,0.00043,38.6,93.79,15.91837806,Normal
01/01/2025 02:45,0.075,0.00936,46.3,88.33,24.45,Critical
01/01/2025 02:46,0.131564131,0.02165,46,92.12,4.301374525,Critical
01/01/2025 02:47,0.137870225,0.00082,48.6,89.24,8.263149205,Early
01/01/2025 02:48,0.113530164,0.00237,43.6,94.39,41.97227188,Critical
01/01/2025 02:49,0.084451389,-0.00141,41.5,88.79,35.60054235,Critical
01/01/2025 02:50,0.116227867,0.00034,46,93.94,27.96117459,Early
01/01/2025 02:51,0.036221485,0.00027,46.8,85.15,20.9438745,Early
01/01/2025 02:52,0.132715418,0.02165,42.5,91.52,20.88144238,Normal
01/01/2025 02:53,0.110344985,0.00074,51,96.97,33.76998607,Normal
01/01/2025 02:54,0.048103574,0.00077,53,85.45,16.31108959,Early
01/01/2025 02:55,0.043264789,0.00014,41.1,96.21,36.90335504,Early
01/01/2025 02:56,0.066925401,0.00183,41.5,87.42,6.729988214,Normal
01/01/2025 02:57,0.134032426,-0.00025,52.7,96.06,26.30969064,Normal
01/01/2025 02:58,0.036221485,0.00027,46.8,85.15,20.9438745,Early
01/01/2025 02:59,0.097756629,0.0012,37.8,90.3,8.570692002,Early
01/01/2025 03:00,0.051663792,0.0017,51,98.18,17.90476858,Early
01/01/2025 03:01,0.03691791,0.00074,40.7,90,23.20183868,Critical
01/01/2025 03:02,0.141192185,-0.00156,49.2,86.52,27.49814417,Normal
01/01/2025 03:03,0.125068652,-0.00064,45.3,86.97,32.28920383,Early
01/01/2025 03:04,0.128144849,0.01043,39.1,92.12,13.77412622,Normal
01/01/2025 03:05,0.035319736,-0.00363,42.5,91.21,25.19360093,Normal
01/01/2025 03:06,0.0849,0.01173,43.3,96.36,25.19,Critical
01/01/2025 03:07,0.064884632,0.01173,47.6,99.09,42.50597274,Normal
01/01/2025 03:08,0.072342451,0.00076,38.4,95.76,17.97547996,Early
01/01/2025 03:09,0.0552,-0.02952,46.2,88.03,24.56,Normal
01/01/2025 03:10,0.07195425,-0.00013,47.6,95.3,23.62995117,Early
01/01/2025 03:11,0.080627662,0.00065,50.7,87.12,7.640083642,Early
01/01/2025 03:12,0.056586598,-0.02895,37.8,94.85,5.834450656,Critical
01/01/2025 03:13,0.0553,9.00E-05,38.6,87.58,26.39,Normal
01/01/2025 03:14,0.072474538,-8.00E-05,48.1,97.73,32.83252385,Critical
01/01/2025 03:15,0.038493144,0.00034,43.2,96.21,8.667842566,Critical
01/01/2025 03:16,0.031904618,0.0112,52.1,96.97,31.90567486,Normal
01/01/2025 03:17,0.125068652,-0.00064,45.3,86.97,32.28920383,Early
01/01/2025 03:18,0.038562243,0.00189,40.3,98.33,20.35820708,Early
01/01/2025 03:19,0.111037721,0.00766,38.4,98.48,20.20992352,Normal
01/01/2025 03:20,0.050207124,-0.00025,48.5,98.18,39.98669781,Critical
01/01/2025 03:21,0.12647586,0.00034,44.8,92.27,26.93177513,Early
01/01/2025 03:22,0.123688208,-0.00036,47.8,99.85,12.50723137,Critical
01/01/2025 03:23,0.140294152,-0.00085,45.3,98.18,35.14287756,Normal
01/01/2025 03:24,0.064595194,0.00193,44.4,88.33,18.06160645,Early
01/01/2025 03:25,0.0851,0.01043,51.3,91.82,24.59,Critical
01/01/2025 03:26,0.114328335,-0.00099,43.2,87.88,42.48395143,Critical
01/01/2025 03:27,0.122117207,-0.00025,49.4,93.18,11.37483683,Critical
01/01/2025 03:28,0.07195425,-0.00013,47.6,95.3,23.62995117,Early
01/01/2025 03:29,0.093644951,-0.00071,51.2,95.91,12.7209243,Normal
01/01/2025 03:30,0.072342451,0.00076,38.4,95.76,17.97547996,Early
01/01/2025 03:31,0.034781428,-0.00363,38.6,97.27,7.536328935,Early
01/01/2025 03:32,0.121848921,-0.0284,37.8,89.39,15.51718466,Critical
01/01/2025 03:33,0.0572,0.00183,50.7,91.21,24.17,Early
01/01/2025 03:34,0.082008788,-0.00116,44.4,91.97,28.14886127,Early
01/01/2025 03:35,0.121175605,0.00052,40.4,98.64,43.89022139,Critical
01/01/2025 03:36,0.081708506,0.00936,49.2,88.79,27.89112329,Early
01/01/2025 03:37,0.0732,0.00974,41.1,96.52,25.42,Critical
01/01/2025 03:38,0.041522982,0.02165,41.3,85,39.86441052,Early
01/01/2025 03:39,0.095746966,-0.00064,46.7,95.15,33.22196547,Early
01/01/2025 03:40,0.095293282,-0.00025,46.1,88.33,16.82568769,Early
01/01/2025 03:41,0.045438871,0,43.2,93.33,23.92363014,Critical
01/01/2025 03:42,0.107363531,0.00141,44.6,92.12,26.5783417,Normal
01/01/2025 03:43,0.071894118,-0.00158,46.9,88.64,22.37387232,Critical
01/01/2025 03:44,0.135277016,-0.00085,46,95.45,42.34508709,Critical
01/01/2025 03:45,0.049821445,-0.00141,40.1,95,29.35034255,Early
01/01/2025 03:46,0.0739,0.00847,47.6,95.76,24.19,Critical
01/01/2025 03:47,0.026818802,0.00936,44.4,88.18,31.38286192,Early
01/01/2025 03:48,0.135672639,-0.00099,38.8,86.06,4.108435977,Normal
01/01/2025 03:49,0.0536,0.00141,38.6,98.03,25.6,Early
01/01/2025 03:50,0.059397776,-8.00E-05,41.8,89.24,27.03993671,Early
01/01/2025 03:51,0.129973934,-0.00099,44.4,93.18,10.27910731,Normal
01/01/2025 03:52,0.036221485,0.00027,46.8,85.15,20.9438745,Early
01/01/2025 03:53,0.099695178,-0.00078,41.8,96.06,7.020134552,Critical
01/01/2025 03:54,0.122117207,-0.00025,49.4,93.18,11.37483683,Critical
01/01/2025 03:55,0.028705628,-0.00125,48.5,88.79,33.66747777,Early
01/01/2025 03:56,0.073377621,-0.00141,52.1,87.73,13.64339329,Early
01/01/2025 03:57,0.077741277,0.00072,52.7,98.48,34.02007699,Early
01/01/2025 03:58,0.13071875,0.0001,37.6,89.7,37.66118641,Early
01/01/2025 03:59,0.140963122,-0.00223,48.8,98.94,34.71118006,Normal
01/01/2025 04:00,0.0867274,0.00086,43.3,94.85,34.27996529,Early
01/01/2025 04:01,0.088121072,-0.00067,49.6,86.52,40.02289205,Critical
01/01/2025 04:02,0.095293282,-0.00025,46.1,88.33,16.82568769,Early
01/01/2025 04:03,0.095293282,-0.00025,46.1,88.33,16.82568769,Early
01/01/2025 04:04,0.0537,-0.00071,38.8,98.33,24.69,Normal
01/01/2025 04:05,0.11154354,0.00034,44.6,88.48,25.25063016,Normal
01/01/2025 04:06,0.103166496,-0.00085,46.7,85.61,26.06890381,Critical
01/01/2025 04:07,0.122044137,0.0009,51.8,100,12.95396264,Critical
01/01/2025 04:08,0.080627662,0.00065,50.7,87.12,7.640083642,Early
01/01/2025 04:09,0.0734394,0.00043,37.4,94.55,37.59155438,Critical
01/01/2025 04:10,0.077741277,0.00072,52.7,98.48,34.02007699,Early
01/01/2025 04:11,0.126462478,0.00093,41.3,91.67,25.41342256,Normal
01/01/2025 04:12,0.115883749,0.0112,53,86.97,33.83898102,Early
01/01/2025 04:13,0.104062482,0.00043,44.4,98.79,8.088506569,Early
01/01/2025 04:14,0.125711614,0.0001,45.2,91.36,17.57084984,Normal
01/01/2025 04:15,0.0634,0.00764,42.4,96.67,24.81,Critical
01/01/2025 04:16,0.13071875,0.0001,37.6,89.7,37.66118641,Early
01/01/2025 04:17,0.104062482,0.00043,44.4,98.79,8.088506569,Early
01/01/2025 04:18,0.0563,0.00109,44.7,87.88,24.43,Early
01/01/2025 04:19,0.041856074,0.00189,40.3,92.58,41.31752268,Critical
01/01/2025 04:20,0.075,0.00936,46.3,88.33,24.45,Critical
01/01/2025 04:21,0.083382904,0.00065,52.7,94.7,9.149935932,Normal
01/01/2025 04:22,0.117106983,-8.00E-05,50.7,95,40.42744793,Normal
01/01/2025 04:23,0.090102403,-0.00111,39.3,91.67,29.86659676,Normal
01/01/2025 04:24,0.037693178,-0.0003,45.8,85.61,14.15554256,Critical
01/01/2025 04:25,0.095746966,-0.00064,46.7,95.15,33.22196547,Early
01/01/2025 04:26,0.045894668,-0.0284,48.6,99.24,20.87050639,Normal
01/01/2025 04:27,0.033799065,0.0009,47.6,95,19.8865533,Normal
01/01/2025 04:28,0.04389366,-0.00041,38.5,93.94,34.36143382,Normal
01/01/2025 04:29,0.122044137,0.0009,51.8,100,12.95396264,Critical
01/01/2025 04:30,0.065517152,0.00847,39,88.03,43.218509,Critical
01/01/2025 04:31,0.068157536,-0.00156,43.2,86.97,37.92512382,Normal
01/01/2025 04:32,0.0747,0.00928,47.4,91.97,25.45,Critical
01/01/2025 04:33,0.128587383,-0.03172,49.6,97.73,8.194766661,Critical
01/01/2025 04:34,0.0542,0.00122,45.3,93.18,24.55,Early
01/01/2025 04:35,0.093719382,0.00847,40.3,98.18,29.57445428,Normal
01/01/2025 04:36,0.089996868,-0.00061,41.3,85.91,7.037336415,Normal
01/01/2025 04:37,0.088121072,-0.00067,49.6,86.52,40.02289205,Critical
01/01/2025 04:38,0.081708506,0.00936,49.2,88.79,27.89112329,Early
01/01/2025 04:39,0.129922984,0.00012,40.4,94.09,38.68859924,Normal
01/01/2025 04:40,0.049451586,-0.0003,50.2,91.82,33.24094686,Normal
01/01/2025 04:41,0.026829261,-0.00111,46.8,97.27,13.01331191,Critical
01/01/2025 04:42,0.077148886,0.00077,45,85.91,36.02999086,Normal
01/01/2025 04:43,0.083624148,0.01162,41.8,92.12,10.6205327,Normal
01/01/2025 04:44,0.055,0.0017,41.5,85.3,25.82,Early
01/01/2025 04:45,0.115387135,0,49.8,86.82,37.52427853,Normal
01/01/2025 04:46,0.131564131,0.02165,46,92.12,4.301374525,Critical
01/01/2025 04:47,0.072474538,-8.00E-05,48.1,97.73,32.83252385,Critical
01/01/2025 04:48,0.080959071,0.00027,50.1,96.97,38.54072562,Normal
01/01/2025 04:49,0.0867274,0.00086,43.3,94.85,34.27996529,Early
01/01/2025 04:50,0.0655,0.01162,48.8,95.91,24.79,Critical
01/01/2025 04:51,0.139499621,0.00189,45.3,98.18,9.564647766,Early
01/01/2025 04:52,0.075,0.00936,46.3,88.33,24.45,Critical
01/01/2025 04:53,0.0654,0.00976,49.2,92.12,24.61,Critical
01/01/2025 04:54,0.098586974,0.00222,49.6,96.67,23.24581576,Early
01/01/2025 04:55,0.0542,0.00122,45.3,93.18,24.55,Early
01/01/2025 04:56,0.121175605,0.00052,40.4,98.64,43.89022139,Critical
01/01/2025 04:57,0.114015772,-0.02011,48.6,96.36,23.51239203,Normal
01/01/2025 04:58,0.0747,0.00928,47.4,91.97,25.45,Critical
01/01/2025 04:59,0.055,0.0017,41.5,85.3,25.82,Early
01/01/2025 05:00,0.05583951,0.00086,43.3,92.73,12.06921849,Critical
01/01/2025 05:01,0.102086552,-0.00116,44.4,92.12,40.50997852,Normal
01/01/2025 05:02,0.089005134,-0.00071,48.6,85.3,5.369124433,Normal
01/01/2025 05:03,0.124356707,0.00189,49.8,98.03,26.29221476,Normal
01/01/2025 05:04,0.045438871,0,43.2,93.33,23.92363014,Critical
01/01/2025 05:05,0.0732,0.00974,41.1,96.52,25.42,Critical
01/01/2025 05:06,0.080008205,-0.00141,50.7,93.33,23.92660747,Normal
01/01/2025 05:07,0.103947652,0.0007,53.2,92.42,9.643273951,Critical
01/01/2025 05:08,0.0542,0.00122,45.3,93.18,24.55,Early
01/01/2025 05:09,0.136508867,0.00043,41.1,89.09,40.75002089,Critical
01/01/2025 05:10,0.072209758,0.00086,52.9,92.88,40.13455251,Early
01/01/2025 05:11,0.09707459,0.00076,41.1,93.18,32.19702199,Critical
01/01/2025 05:12,0.079223581,0.00936,45.3,96.67,4.546878593,Early
01/01/2025 05:13,0.127309503,-0.00181,40.4,98.18,22.62800489,Normal
01/01/2025 05:14,0.04562554,-0.00036,44.4,89.55,28.31577575,Normal
01/01/2025 05:15,0.071894118,-0.00158,46.9,88.64,22.37387232,Critical
01/01/2025 05:16,0.12800864,0.00072,41.5,99.24,37.85631397,Normal
01/01/2025 05:17,0.12149426,0.00766,44.4,99.85,33.04382344,Normal
01/01/2025 05:18,0.0542,-0.00085,42.5,87.12,24.91,Normal
01/01/2025 05:19,0.0634,0.00764,42.4,96.67,24.81,Critical
01/01/2025 05:20,0.100556342,-0.00055,49.6,93.48,12.780421,Normal
01/01/2025 05:21,0.138005662,-0.03172,49.8,95.76,35.26057927,Early
01/01/2025 05:22,0.040068381,9.00E-05,41.1,95.3,6.065419115,Critical
01/01/2025 05:23,0.0535,0.00222,40.9,98.79,24.98,Early
01/01/2025 05:24,0.130264131,0.0012,44.4,90.15,16.86331059,Early
01/01/2025 05:25,0.063410073,0.01173,41.3,91.97,40.62054709,Early
01/01/2025 05:26,0.098586974,0.00222,49.6,96.67,23.24581576,Early
01/01/2025 05:27,0.060646984,0.00189,41.8,94.55,25.27429919,Early
01/01/2025 05:28,0.080627662,0.00065,50.7,87.12,7.640083642,Early
01/01/2025 05:29,0.056162373,0.00189,50.7,89.85,9.600741546,Normal
01/01/2025 05:30,0.126430547,0.00079,47.6,95.76,37.00429326,Normal
01/01/2025 05:31,0.121848921,-0.0284,37.8,89.39,15.51718466,Critical
01/01/2025 05:32,0.071009433,0.00764,49.2,85.61,36.65542941,Early
01/01/2025 05:33,0.037939198,-0.00141,53,95,43.15725742,Normal
01/01/2025 05:34,0.0657,0.0112,48.6,88.48,25.42,Critical
01/01/2025 05:35,0.055266111,0.00034,41.8,86.36,10.6692304,Critical
01/01/2025 05:36,0.065517152,0.00847,39,88.03,43.218509,Critical
01/01/2025 05:37,0.088831532,0.00082,44,93.03,14.98927188,Normal
01/01/2025 05:38,0.099376372,-0.00078,50.7,94.55,17.80330511,Normal
01/01/2025 05:39,0.038621854,0.00222,48.6,98.79,26.6310648,Critical
01/01/2025 05:40,0.103052373,-0.00013,46.8,85.76,14.54735211,Early
01/01/2025 05:41,0.128440925,0.00043,44.7,90.3,17.49787335,Normal
01/01/2025 05:42,0.095677299,0.0017,40.3,96.36,28.99903948,Early
01/01/2025 05:43,0.088351551,-0.00141,46,97.42,17.70097029,Normal
01/01/2025 05:44,0.043961606,0.0001,41.9,95.15,9.725119422,Early
01/01/2025 05:45,0.051663792,0.0017,51,98.18,17.90476858,Early
01/01/2025 05:46,0.0849,0.01173,43.3,96.36,25.19,Critical
01/01/2025 05:47,0.115883749,0.0112,53,86.97,33.83898102,Early
01/01/2025 05:48,0.062721886,0.00974,48.8,95.15,24.22031516,Normal
01/01/2025 05:49,0.113004383,-0.00055,40.9,98.79,31.51138868,Normal
01/01/2025 05:50,0.031738555,-0.0284,44.4,92.73,40.738189,Normal
01/01/2025 05:51,0.041856074,0.00189,40.3,92.58,41.31752268,Critical
01/01/2025 05:52,0.053372507,0.0001,51.2,88.18,18.51031579,Critical
01/01/2025 05:53,0.058199512,0.00109,48.6,85.76,7.380680307,Normal
01/01/2025 05:54,0.043520308,0.00193,38.4,89.09,20.25569233,Early
01/01/2025 05:55,0.130264131,0.0012,44.4,90.15,16.86331059,Early
01/01/2025 05:56,0.0655,0.01162,48.8,95.91,24.79,Critical
01/01/2025 05:57,0.030723439,-0.00085,48.5,95,24.46628054,Normal
01/01/2025 05:58,0.123688208,-0.00036,47.8,99.85,12.50723137,Critical
01/01/2025 05:59,0.045357012,0.00109,39.8,91.97,27.48272897,Critical
01/01/2025 06:00,0.109202234,-0.00078,39,89.85,16.64786329,Normal
01/01/2025 06:01,0.126885757,-0.00125,47.6,94.24,22.95879766,Early
01/01/2025 06:02,0.134622289,0.00141,41.8,85,7.09284262,Normal
01/01/2025 06:03,0.073472795,0.00012,43.6,91.36,8.119259173,Normal
01/01/2025 06:04,0.0559,0.00104,52.4,90.76,24.55,Early
01/01/2025 06:05,0.113530164,0.00237,43.6,94.39,41.97227188,Critical
01/01/2025 06:06,0.110282525,-0.00166,44.4,87.42,24.0915339,Critical
01/01/2025 06:07,0.139634051,0.00766,40.7,95.91,14.65993573,Early
01/01/2025 06:08,0.086015123,0.00028,48.8,98.33,19.89272462,Critical
01/01/2025 06:09,0.091306034,-0.0009,38.8,96.67,37.69256141,Critical
01/01/2025 06:10,0.130180829,0.0034,41.1,98.48,43.97413998,Early
01/01/2025 06:11,0.053372507,0.0001,51.2,88.18,18.51031579,Critical
01/01/2025 06:12,0.059397776,-8.00E-05,41.8,89.24,27.03993671,Early
01/01/2025 06:13,0.05583951,0.00086,43.3,92.73,12.06921849,Critical
01/01/2025 06:14,0.041856074,0.00189,40.3,92.58,41.31752268,Critical
01/01/2025 06:15,0.102251582,0.00072,47.3,97.27,16.51419426,Normal
01/01/2025 06:16,0.115883749,0.0112,53,86.97,33.83898102,Early
01/01/2025 06:17,0.0559,0.00104,52.4,90.76,24.55,Early
01/01/2025 06:18,0.139634051,0.00766,40.7,95.91,14.65993573,Early
01/01/2025 06:19,0.090516368,-0.00067,49.4,99.09,11.45283518,Early
01/01/2025 06:20,0.040068381,9.00E-05,41.1,95.3,6.065419115,Critical
01/01/2025 06:21,0.089672267,0.0017,48.8,85.91,4.093575625,Early
01/01/2025 06:22,0.123174177,0.00093,44,93.03,23.24351794,Normal
01/01/2025 06:23,0.109267651,-0.00363,45.3,91.21,6.063832266,Normal
01/01/2025 06:24,0.072474538,-8.00E-05,48.1,97.73,32.83252385,Critical
01/01/2025 06:25,0.113530164,0.00237,43.6,94.39,41.97227188,Critical
01/01/2025 06:26,0.130180829,0.0034,41.1,98.48,43.97413998,Early
01/01/2025 06:27,0.0555,-0.00064,53,91.52,25.34,Normal
01/01/2025 06:28,0.0533,-0.00158,40.1,93.64,25.15,Normal
01/01/2025 06:29,0.094816459,0.00974,38.5,87.27,34.0961248,Normal
01/01/2025 06:30,0.115883749,0.0112,53,86.97,33.83898102,Early
01/01/2025 06:31,0.103166496,-0.00085,46.7,85.61,26.06890381,Critical
01/01/2025 06:32,0.141677149,0.00076,45.6,94.85,17.20398053,Normal
01/01/2025 06:33,0.084959099,-0.00061,41.1,99.7,15.98383647,Normal
01/01/2025 06:34,0.04121057,-0.00067,41.1,89.39,31.6488743,Critical
01/01/2025 06:35,0.09942609,0.00072,42.5,88.94,20.51174202,Critical
01/01/2025 06:36,0.084451389,-0.00141,41.5,88.79,35.60054235,Critical
01/01/2025 06:37,0.122556147,0.0007,41.1,99.09,31.86005865,Critical
01/01/2025 06:38,0.114414857,0.00034,37.6,95.91,37.11763549,Critical
01/01/2025 06:39,0.116227867,0.00034,46,93.94,27.96117459,Early
01/01/2025 06:40,0.0535,-0.00025,43.5,99.55,24.97,Normal
01/01/2025 06:41,0.137070371,-0.00116,49.6,93.94,34.75670965,Normal
01/01/2025 06:42,0.081114846,-0.00267,46.7,87.73,31.31928254,Early
01/01/2025 06:43,0.05583951,0.00086,43.3,92.73,12.06921849,Critical
01/01/2025 06:44,0.125958635,-8.00E-05,47.3,88.33,19.09143861,Early
01/01/2025 06:45,0.135277016,-0.00085,46,95.45,42.34508709,Critical
01/01/2025 06:46,0.048536166,-0.00067,46.9,94.24,19.15090504,Critical
01/01/2025 06:47,0.054874597,0.00072,44.6,92.73,29.32392253,Normal
01/01/2025 06:48,0.036221485,0.00027,46.8,85.15,20.9438745,Early
01/01/2025 06:49,0.028392578,-0.00067,40.7,86.06,4.210152742,Critical
01/01/2025 06:50,0.118207133,0.00034,41.9,85,19.1090379,Normal
01/01/2025 06:51,0.055266111,0.00034,41.8,86.36,10.6692304,Critical
01/01/2025 06:52,0.070995961,0.00043,41.5,95.91,25.10590921,Normal
01/01/2025 06:53,0.030645268,0.00204,48.1,85.3,37.22618026,Early
01/01/2025 06:54,0.034677924,0.00766,47.6,93.03,25.06313867,Early
01/01/2025 06:55,0.0529,-0.00037,43.2,99.24,24.89,Normal
01/01/2025 06:56,0.086998715,-0.00061,43.2,85.61,28.32351398,Normal
01/01/2025 06:57,0.04121057,-0.00067,41.1,89.39,31.6488743,Critical
01/01/2025 06:58,0.12647586,0.00034,44.8,92.27,26.93177513,Early
01/01/2025 06:59,0.122044137,0.0009,51.8,100,12.95396264,Critical
01/01/2025 07:00,0.13071875,0.0001,37.6,89.7,37.66118641,Early
01/01/2025 07:01,0.060014318,0.00043,44.6,85.3,42.16347746,Critical
01/01/2025 07:02,0.04915203,0.00311,37.4,96.21,8.61128085,Normal
01/01/2025 07:03,0.041856074,0.00189,40.3,92.58,41.31752268,Critical
01/01/2025 07:04,0.122117207,-0.00025,49.4,93.18,11.37483683,Critical
01/01/2025 07:05,0.045076958,-0.00099,49.8,92.42,32.55129819,Normal
01/01/2025 07:06,0.103668513,0.01162,44.4,96.21,7.613478423,Early
01/01/2025 07:07,0.055266111,0.00034,41.8,86.36,10.6692304,Critical
01/01/2025 07:08,0.046138482,0.0001,41.1,93.48,16.58386227,Early
01/01/2025 07:09,0.114328335,-0.00099,43.2,87.88,42.48395143,Critical
01/01/2025 07:10,0.0553,0.00072,40.4,86.06,25.07,Normal
01/01/2025 07:11,0.0654,0.00976,49.2,92.12,24.61,Critical
01/01/2025 07:12,0.0562,0.00082,39.5,85.91,23.96,Normal
01/01/2025 07:13,0.137870225,0.00082,48.6,89.24,8.263149205,Early
01/01/2025 07:14,0.087518581,-0.00116,50.1,85.61,28.24407524,Normal
01/01/2025 07:15,0.0533,-0.0003,38.8,97.88,25.47,Normal
01/01/2025 07:16,0.055,0.0017,41.5,85.3,25.82,Early
01/01/2025 07:17,0.103947652,0.0007,53.2,92.42,9.643273951,Critical
01/01/2025 07:18,0.073236361,-0.00158,46.9,93.18,16.45892685,Normal
01/01/2025 07:19,0.034199432,0.01173,47.6,98.94,27.39064424,Early
01/01/2025 07:20,0.122583228,0.00122,47.7,93.03,23.77095401,Critical
01/01/2025 07:21,0.103947652,0.0007,53.2,92.42,9.643273951,Critical
01/01/2025 07:22,0.063713712,-0.00186,45.3,97.27,37.00530707,Early
01/01/2025 07:23,0.071894118,-0.00158,46.9,88.64,22.37387232,Critical
01/01/2025 07:24,0.089672267,0.0017,48.8,85.91,4.093575625,Early
01/01/2025 07:25,0.037141588,0.01173,38.5,96.06,19.86597492,Critical
01/01/2025 07:26,0.113530164,0.00237,43.6,94.39,41.97227188,Critical
01/01/2025 07:27,0.063410073,0.01173,41.3,91.97,40.62054709,Early
01/01/2025 07:28,0.0572,0.00183,50.7,91.21,24.17,Early
01/01/2025 07:29,0.05583951,0.00086,43.3,92.73,12.06921849,Critical
01/01/2025 07:30,0.093307176,-0.00166,41.1,99.39,34.83943702,Early
01/01/2025 07:31,0.0536,0.00141,38.6,98.03,25.6,Early
01/01/2025 07:32,0.114328335,-0.00099,43.2,87.88,42.48395143,Critical
01/01/2025 07:33,0.061185661,-0.03172,38.8,85.45,6.756861575,Normal
01/01/2025 07:34,0.034781428,-0.00363,38.6,97.27,7.536328935,Early
01/01/2025 07:35,0.13899548,0.00189,49.4,95.3,20.10200174,Normal
01/01/2025 07:36,0.026842154,-0.00125,50.7,95.76,17.31263144,Normal
01/01/2025 07:37,0.122117207,-0.00025,49.4,93.18,11.37483683,Critical
01/01/2025 07:38,0.080026027,-0.00125,49.4,86.52,21.26112573,Early
01/01/2025 07:39,0.0537,-0.00067,44.4,99.7,24.68,Normal
01/01/2025 07:40,0.0537,0.00077,45.2,99.09,25.52,Normal
01/01/2025 07:41,0.048435484,-0.00237,44.6,87.58,6.687015997,Normal
01/01/2025 07:42,0.08939688,-0.00017,44.5,97.58,16.39747705,Normal
01/01/2025 07:43,0.038621854,0.00222,48.6,98.79,26.6310648,Critical
01/01/2025 07:44,0.104062482,0.00043,44.4,98.79,8.088506569,Early
01/01/2025 07:45,0.041856074,0.00189,40.3,92.58,41.31752268,Critical
01/01/2025 07:46,0.114414857,0.00034,37.6,95.91,37.11763549,Critical
01/01/2025 07:47,0.122117207,-0.00025,49.4,93.18,11.37483683,Critical
01/01/2025 07:48,0.053248195,0.00082,40.4,86.82,20.34073172,Normal
01/01/2025 07:49,0.03691791,0.00074,40.7,90,23.20183868,Critical
01/01/2025 07:50,0.0539,-0.00156,46.7,94.24,25.12,Normal
01/01/2025 07:51,0.0831,0.00766,45,95.3,24.15,Critical
01/01/2025 07:52,0.0572,0.00183,50.7,91.21,24.17,Early
01/01/2025 07:53,0.141331083,-0.00274,41.8,92.58,28.41618668,Early
01/01/2025 07:54,0.09942609,0.00072,42.5,88.94,20.51174202,Critical
01/01/2025 07:55,0.037141588,0.01173,38.5,96.06,19.86597492,Critical
01/01/2025 07:56,0.111393205,0.00122,41.8,95.45,13.32865646,Early
01/01/2025 07:57,0.059397776,-8.00E-05,41.8,89.24,27.03993671,Early
01/01/2025 07:58,0.028705628,-0.00125,48.5,88.79,33.66747777,Early
01/01/2025 07:59,0.040890831,0.00974,43.5,88.48,34.95338093,Normal
01/01/2025 08:00,0.131564131,0.02165,46,92.12,4.301374525,Critical
01/01/2025 08:01,0.053910408,-0.00125,44,87.88,23.88047795,Early
01/01/2025 08:02,0.028819625,-0.0005,40.4,93.79,4.488122893,Normal
01/01/2025 08:03,0.076743826,-0.00085,44.5,91.52,23.23347912,Normal
01/01/2025 08:04,0.0546,-0.00186,44.8,94.55,24.45,Normal
01/01/2025 08:05,0.053781384,-0.03172,46.8,93.64,43.54915128,Normal
01/01/2025 08:06,0.060646984,0.00189,41.8,94.55,25.27429919,Early
01/01/2025 08:07,0.0525,-0.00308,44,90,24.55,Normal
01/01/2025 08:08,0.068146029,0.00052,53.2,87.42,32.56236799,Normal
01/01/2025 08:09,0.094683125,0.00764,44.5,98.64,40.41885114,Normal
01/01/2025 08:10,0.04121057,-0.00067,41.1,89.39,31.6488743,Critical
01/01/2025 08:11,0.0552,-0.00111,44.4,87.73,24.9,Normal
01/01/2025 08:12,0.079223581,0.00936,45.3,96.67,4.546878593,Early
01/01/2025 08:13,0.061132409,0.00027,38.6,94.39,8.267970005,Normal
01/01/2025 08:14,0.073042359,-0.00237,38.6,96.21,20.01201956,Normal
01/01/2025 08:15,0.048536166,-0.00067,46.9,94.24,19.15090504,Critical
01/01/2025 08:16,0.085855795,-0.00036,42.4,93.79,14.89207419,Critical
01/01/2025 08:17,0.045210172,0.00043,43.6,86.97,23.18328407,Early
01/01/2025 08:18,0.08698895,0.00074,40.3,97.88,7.014362414,Normal
01/01/2025 08:19,0.087472386,-0.00085,40.3,97.73,32.96413317,Normal
01/01/2025 08:20,0.082008788,-0.00116,44.4,91.97,28.14886127,Early
01/01/2025 08:21,0.131311683,-0.00061,46.9,90.15,11.29135514,Critical
01/01/2025 08:22,0.0559,0.00104,52.4,90.76,24.55,Early
01/01/2025 08:23,0.135318808,-0.00111,49.6,85.15,37.07195311,Early
01/01/2025 08:24,0.075,0.00936,46.3,88.33,24.45,Critical
01/01/2025 08:25,0.0549,0.00068,48.1,90.3,24.4,Normal
01/01/2025 08:26,0.0655,0.01162,48.8,95.91,24.79,Critical
01/01/2025 08:27,0.064595194,0.00193,44.4,88.33,18.06160645,Early
01/01/2025 08:28,0.036221485,0.00027,46.8,85.15,20.9438745,Early
01/01/2025 08:29,0.064668612,-0.0284,50.2,85,20.58018337,Critical
01/01/2025 08:30,0.0561,0.00154,39.1,85.61,26.2,Early
01/01/2025 08:31,0.069726733,-0.0009,50.7,92.12,34.12984883,Normal
01/01/2025 08:32,0.13071875,0.0001,37.6,89.7,37.66118641,Early
01/01/2025 08:33,0.036221485,0.00027,46.8,85.15,20.9438745,Early
01/01/2025 08:34,0.113530164,0.00237,43.6,94.39,41.97227188,Critical
01/01/2025 08:35,0.045438871,0,43.2,93.33,23.92363014,Critical
01/01/2025 08:36,0.12647586,0.00034,44.8,92.27,26.93177513,Early
01/01/2025 08:37,0.0549,0.00072,46,86.97,25.84,Normal
01/01/2025 08:38,0.027794619,-0.00085,37.4,90.61,35.67271358,Normal
01/01/2025 08:39,0.071894118,-0.00158,46.9,88.64,22.37387232,Critical
01/01/2025 08:40,0.115671587,-0.00073,41.3,95.61,42.71976266,Normal
01/01/2025 08:41,0.102958642,0.00034,45.3,98.94,10.62082041,Normal
01/01/2025 08:42,0.106119188,-0.0003,43.5,91.67,22.84261811,Normal
01/01/2025 08:43,0.053910408,-0.00125,44,87.88,23.88047795,Early
01/01/2025 08:44,0.130264131,0.0012,44.4,90.15,16.86331059,Early
01/01/2025 08:45,0.130180829,0.0034,41.1,98.48,43.97413998,Early
01/01/2025 08:46,0.064370435,-0.00036,46.8,91.82,6.226139574,Normal
01/01/2025 08:47,0.041060094,-0.00186,41.1,90.15,37.6836566,Normal
01/01/2025 08:48,0.116227867,0.00034,46,93.94,27.96117459,Early
01/01/2025 08:49,0.112589804,0.00237,45,85.15,40.91840927,Early
01/01/2025 08:50,0.034273257,0.00086,46,87.73,18.76921926,Normal
01/01/2025 08:51,0.091109385,0.00072,52.9,95.76,18.52236849,Early
01/01/2025 08:52,0.122044137,0.0009,51.8,100,12.95396264,Critical
01/01/2025 08:53,0.053910408,-0.00125,44,87.88,23.88047795,Early
01/01/2025 08:54,0.131564131,0.02165,46,92.12,4.301374525,Critical
01/01/2025 08:55,0.032665815,0.0012,47.7,86.97,38.4427208,Early
01/01/2025 08:56,0.063713712,-0.00186,45.3,97.27,37.00530707,Early
01/01/2025 08:57,0.070170645,0.0034,42.8,90.76,4.729699257,Normal
01/01/2025 08:58,0.080174138,-0.00143,44.7,90.61,7.691623449,Normal
01/01/2025 08:59,0.0535,0.00222,40.9,98.79,24.98,Early
01/01/2025 09:00,0.077595111,0.00122,46.1,86.36,19.11402197,Normal
01/01/2025 09:01,0.038621854,0.00222,48.6,98.79,26.6310648,Critical
01/01/2025 09:02,0.0535,0.00222,40.9,98.79,24.98,Early
01/01/2025 09:03,0.090516368,-0.00067,49.4,99.09,11.45283518,Early
01/01/2025 09:04,0.057,0.00311,46.9,94.85,25.6,Early
01/01/2025 09:05,0.044857112,-0.00223,44,98.94,29.95291361,Normal
01/01/2025 09:06,0.139180363,0.0001,48.6,89.85,34.18541167,Normal
01/01/2025 09:07,0.09925946,0.0017,38.3,98.64,38.42528072,Normal
01/01/2025 09:08,0.0849,0.01173,43.3,96.36,25.19,Critical
01/01/2025 09:09,0.034199432,0.01173,47.6,98.94,27.39064424,Early
01/01/2025 09:10,0.027742109,0.00141,44.6,99.09,26.77774071,Normal
01/01/2025 09:11,0.058052676,-0.00143,48.6,93.03,36.2017867,Normal
01/01/2025 09:12,0.115003026,-0.00017,50.7,90.91,14.7964489,Early
01/01/2025 09:13,0.095677299,0.0017,40.3,96.36,28.99903948,Early
01/01/2025 09:14,0.122583228,0.00122,47.7,93.03,23.77095401,Critical
01/01/2025 09:15,0.060014318,0.00043,44.6,85.3,42.16347746,Critical
01/01/2025 09:16,0.121848921,-0.0284,37.8,89.39,15.51718466,Critical
01/01/2025 09:17,0.0558,0.0034,41.3,96.82,25.24,Early
01/01/2025 09:18,0.055266111,0.00034,41.8,86.36,10.6692304,Critical
01/01/2025 09:19,0.050192934,-0.00085,41.9,96.52,12.80388856,Normal
01/01/2025 09:20,0.037693178,-0.0003,45.8,85.61,14.15554256,Critical
01/01/2025 09:21,0.133522875,0.0009,41.1,96.97,25.59371116,Normal
01/01/2025 09:22,0.1383508,0.00928,48.8,91.36,13.16101564,Normal
01/01/2025 09:23,0.0634,0.00764,42.4,96.67,24.81,Critical
01/01/2025 09:24,0.0848,0.00974,47.8,88.18,25.42,Critical
01/01/2025 09:25,0.07469571,0.00189,52.4,85,22.35955952,Normal
01/01/2025 09:26,0.0849,0.01173,43.3,96.36,25.19,Critical
01/01/2025 09:27,0.09707459,0.00076,41.1,93.18,32.19702199,Critical
01/01/2025 09:28,0.102515937,0.00012,52.1,96.36,25.45925406,Normal
01/01/2025 09:29,0.04121057,-0.00067,41.1,89.39,31.6488743,Critical
01/01/2025 09:30,0.111088566,-0.00045,47.6,89.7,41.05797694,Early
01/01/2025 09:31,0.0532,-0.00267,37.4,85,24.89,Normal
01/01/2025 09:32,0.031038668,0.0034,46.7,91.21,20.82143115,Normal
01/01/2025 09:33,0.0734394,0.00043,37.4,94.55,37.59155438,Critical
01/01/2025 09:34,0.0553,0.00027,47.6,92.88,24.76,Normal
01/01/2025 09:35,0.136508867,0.00043,41.1,89.09,40.75002089,Critical
01/01/2025 09:36,0.0536,0.00141,38.6,98.03,25.6,Early
01/01/2025 09:37,0.139634051,0.00766,40.7,95.91,14.65993573,Early
01/01/2025 09:38,0.0734394,0.00043,37.4,94.55,37.59155438,Critical
01/01/2025 09:39,0.12647586,0.00034,44.8,92.27,26.93177513,Early
01/01/2025 09:40,0.051663792,0.0017,51,98.18,17.90476858,Early
01/01/2025 09:41,0.082214541,0.00193,50.2,92.42,27.40598129,Normal
01/01/2025 09:42,0.103055007,-0.00156,43.5,99.55,12.28910596,Normal
01/01/2025 09:43,0.028721345,-0.00071,41.3,90.3,14.02922642,Early
01/01/2025 09:44,0.119478943,0.00766,50.7,92.42,14.05769758,Normal
01/01/2025 09:45,0.110298376,0.00034,52.4,98.79,11.45619947,Early
01/01/2025 09:46,0.063713712,-0.00186,45.3,97.27,37.00530707,Early
01/01/2025 09:47,0.080627662,0.00065,50.7,87.12,7.640083642,Early
01/01/2025 09:48,0.095791593,0.00014,52.9,98.33,26.26886339,Early
01/01/2025 09:49,0.071840991,-0.00071,38.6,95.61,38.73204428,Early
01/01/2025 09:50,0.063989278,0.00034,43.2,97.88,31.95383413,Critical
01/01/2025 09:51,0.136500626,-0.00099,47.4,92.58,24.8520267,Normal
01/01/2025 09:52,0.086015123,0.00028,48.8,98.33,19.89272462,Critical
01/01/2025 09:53,0.038562243,0.00189,40.3,98.33,20.35820708,Early
01/01/2025 09:54,0.0654,0.00976,49.2,92.12,24.61,Critical
01/01/2025 09:55,0.125115638,-0.00166,41.5,90,25.89785228,Normal
01/01/2025 09:56,0.095791593,0.00014,52.9,98.33,26.26886339,Early
01/01/2025 09:57,0.0654,0.00976,49.2,92.12,24.61,Critical
01/01/2025 09:58,0.0561,0.00074,48.8,86.67,25.45,Normal
01/01/2025 09:59,0.095648715,0.00072,48.6,94.7,37.49963156,Normal
01/01/2025 10:00,0.135318808,-0.00111,49.6,85.15,37.07195311,Early
01/01/2025 10:01,0.096783164,-0.02011,51.3,91.06,31.7487043,Normal
01/01/2025 10:02,0.126881373,0.00204,39.3,93.48,40.31464522,Normal
01/01/2025 10:03,0.064672528,0.00043,39.5,98.03,13.44466132,Normal
01/01/2025 10:04,0.0848,0.00974,47.8,88.18,25.42,Critical
01/01/2025 10:05,0.053768373,-0.00025,47.6,92.12,32.80810327,Normal
01/01/2025 10:06,0.140851939,0.02165,46,94.85,25.49053667,Normal
01/01/2025 10:07,0.064668612,-0.0284,50.2,85,20.58018337,Critical
01/01/2025 10:08,0.114064639,-0.02952,52.7,85.91,19.15286262,Normal
01/01/2025 10:09,0.0851,0.01043,51.3,91.82,24.59,Critical
01/01/2025 10:10,0.0544,0.00072,38.5,98.48,25.81,Normal
01/01/2025 10:11,0.104062482,0.00043,44.4,98.79,8.088506569,Early
01/01/2025 10:12,0.0732,0.00974,41.1,96.52,25.42,Critical
01/01/2025 10:13,0.141331083,-0.00274,41.8,92.58,28.41618668,Early
01/01/2025 10:14,0.077265089,-0.00116,40.3,93.18,10.48055512,Normal
01/01/2025 10:15,0.079487664,0.00928,48.8,99.55,4.103800975,Early
01/01/2025 10:16,0.114328335,-0.00099,43.2,87.88,42.48395143,Critical
01/01/2025 10:17,0.0576,0.00204,51.2,88.94,25.31,Early
01/01/2025 10:18,0.095293282,-0.00025,46.1,88.33,16.82568769,Early
01/01/2025 10:19,0.045357012,0.00109,39.8,91.97,27.48272897,Critical
01/01/2025 10:20,0.030787741,0.00976,46.3,99.7,40.96167036,Normal
01/01/2025 10:21,0.0536,0.00141,38.6,98.03,25.6,Early
01/01/2025 10:22,0.038621854,0.00222,48.6,98.79,26.6310648,Critical
01/01/2025 10:23,0.0559,0.00104,52.4,90.76,24.55,Early
01/01/2025 10:24,0.090883372,-0.00013,44.4,91.52,18.61427279,Normal
01/01/2025 10:25,0.114414857,0.00034,37.6,95.91,37.11763549,Critical
01/01/2025 10:26,0.063410073,0.01173,41.3,91.97,40.62054709,Early
01/01/2025 10:27,0.080026027,-0.00125,49.4,86.52,21.26112573,Early
01/01/2025 10:28,0.04121057,-0.00067,41.1,89.39,31.6488743,Critical
01/01/2025 10:29,0.0513,-0.00237,40.4,98.94,25.94,Normal
01/01/2025 10:30,0.040068381,9.00E-05,41.1,95.3,6.065419115,Critical
01/01/2025 10:31,0.123650021,-0.00078,39.3,97.12,43.00268652,Critical
01/01/2025 10:32,0.036919314,0.01043,44,86.52,8.569517037,Normal
01/01/2025 10:33,0.095122783,-0.03172,44.4,99.24,38.6797504,Normal
01/01/2025 10:34,0.138005662,-0.03172,49.8,95.76,35.26057927,Early
01/01/2025 10:35,0.071894118,-0.00158,46.9,88.64,22.37387232,Critical
01/01/2025 10:36,0.050974342,-0.00267,43.2,92.88,26.62033389,Normal
01/01/2025 10:37,0.038493144,0.00034,43.2,96.21,8.667842566,Critical
01/01/2025 10:38,0.044721308,0.00027,51,88.48,23.89859576,Normal
01/01/2025 10:39,0.0831,0.00766,45,95.3,24.15,Critical
01/01/2025 10:40,0.038493144,0.00034,43.2,96.21,8.667842566,Critical
01/01/2025 10:41,0.071894118,-0.00158,46.9,88.64,22.37387232,Critical
01/01/2025 10:42,0.091109385,0.00072,52.9,95.76,18.52236849,Early
01/01/2025 10:43,0.050207124,-0.00025,48.5,98.18,39.98669781,Critical
01/01/2025 10:44,0.077315273,-0.00013,49.4,93.48,19.17222794,Early
01/01/2025 10:45,0.0732,0.00974,41.1,96.52,25.42,Critical
01/01/2025 10:46,0.05500595,-0.00064,39.3,90,18.20417213,Critical
01/01/2025 10:47,0.080627662,0.00065,50.7,87.12,7.640083642,Early
01/01/2025 10:48,0.116227867,0.00034,46,93.94,27.96117459,Early
01/01/2025 10:49,0.089389066,0.00189,41.3,97.88,22.07794405,Normal
01/01/2025 10:50,0.037220382,-0.00156,52.4,87.58,28.96406177,Normal
01/01/2025 10:51,0.0655,0.01162,48.8,95.91,24.79,Critical
01/01/2025 10:52,0.122011256,0.00012,40.4,87.12,35.771578,Normal
01/01/2025 10:53,0.087892596,0.00079,39.3,88.33,34.28324808,Normal
01/01/2025 10:54,0.059172517,-0.00166,44.6,93.33,32.82064246,Normal
01/01/2025 10:55,0.041522982,0.02165,41.3,85,39.86441052,Early
01/01/2025 10:56,0.046138482,0.0001,41.1,93.48,16.58386227,Early
01/01/2025 10:57,0.045259259,-0.00055,48.5,98.64,33.65843645,Early
01/01/2025 10:58,0.056730931,0.00122,44.5,89.09,18.23965937,Normal
01/01/2025 10:59,0.076421485,0.00027,40.7,88.64,27.53055028,Critical
01/01/2025 11:00,0.039269177,0.00311,41.8,89.55,29.55797541,Normal
01/01/2025 11:01,0.099695178,-0.00078,41.8,96.06,7.020134552,Critical
01/01/2025 11:02,0.139499621,0.00189,45.3,98.18,9.564647766,Early
01/01/2025 11:03,0.135277016,-0.00085,46,95.45,42.34508709,Critical
01/01/2025 11:04,0.057,0.00311,46.9,94.85,25.6,Early
01/01/2025 11:05,0.054053015,0.01162,48.1,88.03,36.21259869,Early
01/01/2025 11:06,0.088267276,0.00027,48.5,87.12,32.15784541,Normal
01/01/2025 11:07,0.039291252,-0.00085,46.1,97.88,9.400051097,Normal
01/01/2025 11:08,0.0541,0,46.1,100,24.67,Normal
01/01/2025 11:09,0.082080123,-0.00111,50.1,87.42,23.39113469,Normal
01/01/2025 11:10,0.0734394,0.00043,37.4,94.55,37.59155438,Critical
01/01/2025 11:11,0.0542,0.00122,45.3,93.18,24.55,Early
01/01/2025 11:12,0.066630312,-0.02895,45.3,95.91,32.64716299,Critical
01/01/2025 11:13,0.122583228,0.00122,47.7,93.03,23.77095401,Critical
01/01/2025 11:14,0.072474538,-8.00E-05,48.1,97.73,32.83252385,Critical
01/01/2025 11:15,0.0734394,0.00043,37.4,94.55,37.59155438,Critical
01/01/2025 11:16,0.043961606,0.0001,41.9,95.15,9.725119422,Early
01/01/2025 11:17,0.137635784,-0.02952,41.5,97.58,39.98589589,Normal
01/01/2025 11:18,0.116227867,0.00034,46,93.94,27.96117459,Early
01/01/2025 11:19,0.071024057,-0.00067,48.8,94.7,24.60944219,Normal
01/01/2025 11:20,0.0867274,0.00086,43.3,94.85,34.27996529,Early
01/01/2025 11:21,0.028721345,-0.00071,41.3,90.3,14.02922642,Early
01/01/2025 11:22,0.02672741,0.00122,40.3,87.88,37.2548596,Normal
01/01/2025 11:23,0.122044137,0.0009,51.8,100,12.95396264,Critical
01/01/2025 11:24,0.036404935,-0.00013,45.3,87.88,36.23459547,Normal
01/01/2025 11:25,0.113530164,0.00237,43.6,94.39,41.97227188,Critical
01/01/2025 11:26,0.112889458,-8.00E-05,41.8,90.45,31.72700846,Normal
01/01/2025 11:27,0.136635653,0.00034,38.8,89.09,22.28000877,Normal
01/01/2025 11:28,0.0533,-0.00274,39,85.45,24.74,Normal
01/01/2025 11:29,0.095625428,0.00012,46.8,99.39,25.94861237,Normal
01/01/2025 11:30,0.052152754,0.0012,48.1,98.18,35.2198283,Normal
01/01/2025 11:31,0.075954688,-0.00073,46.8,92.88,5.875858712,Early
01/01/2025 11:32,0.074363798,-0.00078,48.6,91.21,39.89721639,Normal
01/01/2025 11:33,0.041856074,0.00189,40.3,92.58,41.31752268,Critical
01/01/2025 11:34,0.0956,0.02165,49.6,95.61,24.94,Critical
01/01/2025 11:35,0.049821445,-0.00141,40.1,95,29.35034255,Early
01/01/2025 11:36,0.086015123,0.00028,48.8,98.33,19.89272462,Critical
01/01/2025 11:37,0.056037517,0.00028,43.2,96.82,29.80216671,Normal
01/01/2025 11:38,0.126885757,-0.00125,47.6,94.24,22.95879766,Early
01/01/2025 11:39,0.136508867,0.00043,41.1,89.09,40.75002089,Critical
01/01/2025 11:40,0.077709613,0.00076,41.1,88.48,36.27400596,Normal
01/01/2025 11:41,0.070560598,0.00082,39.1,86.97,8.820903151,Normal
01/01/2025 11:42,0.08685344,-0.00025,47.7,95,17.71707457,Normal
01/01/2025 11:43,0.0541,0.00014,44.4,94.09,25.85,Normal
01/01/2025 11:44,0.115003026,-0.00017,50.7,90.91,14.7964489,Early
01/01/2025 11:45,0.045899974,-0.00274,43.5,96.82,12.20310241,Normal
01/01/2025 11:46,0.063713712,-0.00186,45.3,97.27,37.00530707,Early
01/01/2025 11:47,0.0747,0.00928,47.4,91.97,25.45,Critical
01/01/2025 11:48,0.038913254,0.00072,40.9,86.06,27.46141739,Normal
01/01/2025 11:49,0.064595194,0.00193,44.4,88.33,18.06160645,Early
01/01/2025 11:50,0.064311799,0.02165,41.1,96.67,43.90770464,Early
01/01/2025 11:51,0.080415239,-8.00E-05,48.8,95.61,28.30220889,Normal
01/01/2025 11:52,0.055,0.0017,41.5,85.3,25.82,Early
01/01/2025 11:53,0.123650021,-0.00078,39.3,97.12,43.00268652,Critical
01/01/2025 11:54,0.121321874,0.00974,40.4,96.97,17.21393925,Early
01/01/2025 11:55,0.095677299,0.0017,40.3,96.36,28.99903948,Early
01/01/2025 11:56,0.101080683,0.0034,44.4,96.06,31.66857589,Normal
01/01/2025 11:57,0.131564131,0.02165,46,92.12,4.301374525,Critical
01/01/2025 11:58,0.081114846,-0.00267,46.7,87.73,31.31928254,Early
01/01/2025 11:59,0.093307176,-0.00166,41.1,99.39,34.83943702,Early
01/01/2025 12:00,0.131925878,0.0012,40.7,97.58,6.664764496,Normal
01/01/2025 12:01,0.123629903,-0.00067,48.1,87.88,38.0290984,Normal
01/01/2025 12:02,0.089452086,0.00204,51.2,98.18,7.568173148,Normal
01/01/2025 12:03,0.087288635,-0.00141,38.6,91.06,25.37694015,Normal
01/01/2025 12:04,0.0655,0.01162,48.8,95.91,24.79,Critical
01/01/2025 12:05,0.063713712,-0.00186,45.3,97.27,37.00530707,Early
01/01/2025 12:06,0.045041478,-0.00363,40.7,91.52,7.51472445,Critical
01/01/2025 12:07,0.028826559,-0.02011,49.4,91.97,40.69582452,Normal
01/01/2025 12:08,0.056,-0.00125,53.2,91.06,25.19,Normal
01/01/2025 12:09,0.075954688,-0.00073,46.8,92.88,5.875858712,Early
01/01/2025 12:10,0.131753132,0.00193,37.4,90.45,24.94409104,Normal
01/01/2025 12:11,0.045357012,0.00109,39.8,91.97,27.48272897,Critical
01/01/2025 12:12,0.103668513,0.01162,44.4,96.21,7.613478423,Early
01/01/2025 12:13,0.0848,0.00974,47.8,88.18,25.42,Critical
01/01/2025 12:14,0.03691791,0.00074,40.7,90,23.20183868,Critical
01/01/2025 12:15,0.041856074,0.00189,40.3,92.58,41.31752268,Critical
01/01/2025 12:16,0.0561,0.00154,39.1,85.61,26.2,Early
01/01/2025 12:17,0.036221485,0.00027,46.8,85.15,20.9438745,Early
01/01/2025 12:18,0.0564,-0.00055,45.6,94.7,25.38,Normal
01/01/2025 12:19,0.126885757,-0.00125,47.6,94.24,22.95879766,Early
01/01/2025 12:20,0.041522982,0.02165,41.3,85,39.86441052,Early
01/01/2025 12:21,0.05583951,0.00086,43.3,92.73,12.06921849,Critical
01/01/2025 12:22,0.072557535,0.00027,42.8,85.61,11.28428555,Critical
01/01/2025 12:23,0.066242213,-0.02952,38.8,91.21,9.291048445,Normal
01/01/2025 12:24,0.048536166,-0.00067,46.9,94.24,19.15090504,Critical
01/01/2025 12:25,0.091306034,-0.0009,38.8,96.67,37.69256141,Critical
01/01/2025 12:26,0.045081771,0.00065,45,92.27,37.48315963,Normal
01/01/2025 12:27,0.103947652,0.0007,53.2,92.42,9.643273951,Critical
01/01/2025 12:28,0.046138482,0.0001,41.1,93.48,16.58386227,Early
01/01/2025 12:29,0.110005832,0.00141,52.1,93.03,8.11664123,Early
01/01/2025 12:30,0.049879139,-0.0003,44.6,85,8.031784121,Normal
01/01/2025 12:31,0.05500595,-0.00064,39.3,90,18.20417213,Critical
01/01/2025 12:32,0.028761262,-0.00064,44.8,88.64,18.21449807,Normal
01/01/2025 12:33,0.0536,0.00141,38.6,98.03,25.6,Early
01/01/2025 12:34,0.101603216,-0.00125,40.3,87.73,17.77534928,Normal
01/01/2025 12:35,0.05583951,0.00086,43.3,92.73,12.06921849,Critical
01/01/2025 12:36,0.053083344,-0.00085,41.9,97.27,41.34767295,Normal
01/01/2025 12:37,0.0524,-0.00141,41.8,96.97,24.92,Normal
01/01/2025 12:38,0.0851,0.01043,51.3,91.82,24.59,Critical
01/01/2025 12:39,0.09942609,0.00072,42.5,88.94,20.51174202,Critical
01/01/2025 12:40,0.050207124,-0.00025,48.5,98.18,39.98669781,Critical
01/01/2025 12:41,0.037693178,-0.0003,45.8,85.61,14.15554256,Critical
01/01/2025 12:42,0.034781428,-0.00363,38.6,97.27,7.536328935,Early
01/01/2025 12:43,0.0554,0.00043,48.8,86.82,25.45,Normal
01/01/2025 12:44,0.097433758,-0.00045,48.6,87.12,18.97741479,Normal
01/01/2025 12:45,0.122117207,-0.00025,49.4,93.18,11.37483683,Critical
01/01/2025 12:46,0.097354572,-0.00141,47.6,98.79,8.912431274,Normal
01/01/2025 12:47,0.123688208,-0.00036,47.8,99.85,12.50723137,Critical
01/01/2025 12:48,0.045210172,0.00043,43.6,86.97,23.18328407,Early
01/01/2025 12:49,0.135155204,-0.0284,46.9,96.36,25.18646715,Normal
01/01/2025 12:50,0.056,0.00079,49.4,92.42,24.84,Normal
01/01/2025 12:51,0.075954688,-0.00073,46.8,92.88,5.875858712,Early
01/01/2025 12:52,0.0831,0.00766,45,95.3,24.15,Critical
01/01/2025 12:53,0.0849,0.01173,43.3,96.36,25.19,Critical
01/01/2025 12:54,0.110005832,0.00141,52.1,93.03,8.11664123,Early
01/01/2025 12:55,0.0831,0.00766,45,95.3,24.15,Critical
01/01/2025 12:56,0.0572,0.00183,50.7,91.21,24.17,Early
01/01/2025 12:57,0.026829261,-0.00111,46.8,97.27,13.01331191,Critical
01/01/2025 12:58,0.072342451,0.00076,38.4,95.76,17.97547996,Early
01/01/2025 12:59,0.081708506,0.00936,49.2,88.79,27.89112329,Early
01/01/2025 13:00,0.115656564,0.01043,40.3,96.52,23.06477937,Normal
01/01/2025 13:01,0.028721345,-0.00071,41.3,90.3,14.02922642,Early
01/01/2025 13:02,0.070052578,-0.00037,49.4,87.12,28.93330204,Normal
01/01/2025 13:03,0.064311799,0.02165,41.1,96.67,43.90770464,Early
01/01/2025 13:04,0.097756629,0.0012,37.8,90.3,8.570692002,Early
01/01/2025 13:05,0.136508867,0.00043,41.1,89.09,40.75002089,Critical
01/01/2025 13:06,0.071840991,-0.00071,38.6,95.61,38.73204428,Early
01/01/2025 13:07,0.136867767,0.00034,47.6,97.42,22.92840472,Normal
01/01/2025 13:08,0.069893847,0.00222,39.1,88.79,33.28738314,Normal
01/01/2025 13:09,0.081710658,0.00079,44.7,85.15,43.22307201,Normal
01/01/2025 13:10,0.101729312,0.02165,48.8,88.79,25.373851,Normal
01/01/2025 13:11,0.113530164,0.00237,43.6,94.39,41.97227188,Critical
01/01/2025 13:12,0.122117207,-0.00025,49.4,93.18,11.37483683,Critical
01/01/2025 13:13,0.057,0.00311,46.9,94.85,25.6,Early
01/01/2025 13:14,0.091306034,-0.0009,38.8,96.67,37.69256141,Critical
01/01/2025 13:15,0.125958635,-8.00E-05,47.3,88.33,19.09143861,Early
01/01/2025 13:16,0.140060941,-0.0009,44.4,95.61,17.89653633,Normal
01/01/2025 13:17,0.121604201,0.00764,50.2,90.76,5.766617508,Normal
01/01/2025 13:18,0.071840991,-0.00071,38.6,95.61,38.73204428,Early
01/01/2025 13:19,0.137870225,0.00082,48.6,89.24,8.263149205,Early
01/01/2025 13:20,0.122044137,0.0009,51.8,100,12.95396264,Critical
01/01/2025 13:21,0.140985388,-0.00237,41.8,87.88,23.04842787,Normal
01/01/2025 13:22,0.122117207,-0.00025,49.4,93.18,11.37483683,Critical
01/01/2025 13:23,0.085855795,-0.00036,42.4,93.79,14.89207419,Critical
01/01/2025 13:24,0.095746966,-0.00064,46.7,95.15,33.22196547,Early
01/01/2025 13:25,0.045210172,0.00043,43.6,86.97,23.18328407,Early
01/01/2025 13:26,0.0732,0.00974,41.1,96.52,25.42,Critical
01/01/2025 13:27,0.084451389,-0.00141,41.5,88.79,35.60054235,Critical
01/01/2025 13:28,0.072474538,-8.00E-05,48.1,97.73,32.83252385,Critical
01/01/2025 13:29,0.0522,-0.00143,37.6,98.18,25.22,Normal
01/01/2025 13:30,0.091720852,0.00086,41.1,98.18,27.93144233,Normal
01/01/2025 13:31,0.0732,0.00974,41.1,96.52,25.42,Critical
01/01/2025 13:32,0.034677924,0.00766,47.6,93.03,25.06313867,Early
01/01/2025 13:33,0.0548,-0.00116,52.7,90.91,24.33,Normal
01/01/2025 13:34,0.05424483,-0.00181,51,91.82,33.47289902,Normal
01/01/2025 13:35,0.086850419,-0.00064,38.8,86.52,30.79669858,Normal
01/01/2025 13:36,0.0535,0.00222,40.9,98.79,24.98,Early
01/01/2025 13:37,0.031452575,-0.00363,45.6,97.73,27.71851621,Normal
01/01/2025 13:38,0.076421485,0.00027,40.7,88.64,27.53055028,Critical
01/01/2025 13:39,0.097942393,0.00034,44.4,99.55,35.81367352,Normal
01/01/2025 13:40,0.063410073,0.01173,41.3,91.97,40.62054709,Early
01/01/2025 13:41,0.139499621,0.00189,45.3,98.18,9.564647766,Early
01/01/2025 13:42,0.122044137,0.0009,51.8,100,12.95396264,Critical
01/01/2025 13:43,0.095791593,0.00014,52.9,98.33,26.26886339,Early
01/01/2025 13:44,0.091109385,0.00072,52.9,95.76,18.52236849,Early
01/01/2025 13:45,0.041856074,0.00189,40.3,92.58,41.31752268,Critical
01/01/2025 13:46,0.135277016,-0.00085,46,95.45,42.34508709,Critical
01/01/2025 13:47,0.086255519,-0.00186,38.8,91.06,33.49620824,Normal
01/01/2025 13:48,0.038493144,0.00034,43.2,96.21,8.667842566,Critical
01/01/2025 13:49,0.082363926,-0.00223,43.3,97.58,27.93770805,Normal
01/01/2025 13:50,0.045438871,0,43.2,93.33,23.92363014,Critical
01/01/2025 13:51,0.094602818,0.00065,44.8,91.52,39.4984193,Normal
01/01/2025 13:52,0.110282525,-0.00166,44.4,87.42,24.0915339,Critical
01/01/2025 13:53,0.0535,-0.00073,38.4,97.42,25,Normal
01/01/2025 13:54,0.0561,0.00154,39.1,85.61,26.2,Early
01/01/2025 13:55,0.096154111,0.0009,47.8,88.64,17.37451245,Normal
01/01/2025 13:56,0.082008788,-0.00116,44.4,91.97,28.14886127,Early
01/01/2025 13:57,0.095293282,-0.00025,46.1,88.33,16.82568769,Early
01/01/2025 13:58,0.131311683,-0.00061,46.9,90.15,11.29135514,Critical
01/01/2025 13:59,0.038621854,0.00222,48.6,98.79,26.6310648,Critical
01/01/2025 14:00,0.039332561,0.0034,52.4,88.03,35.85887103,Early
01/01/2025 14:01,0.112769591,-0.00036,40.4,96.06,13.42766984,Normal
01/01/2025 14:02,0.056552633,-0.00125,47.4,87.12,38.03270071,Normal
01/01/2025 14:03,0.131311683,-0.00061,46.9,90.15,11.29135514,Critical
01/01/2025 14:04,0.037282103,0.00028,44.4,95.45,28.69054848,Normal
01/01/2025 14:05,0.12647586,0.00034,44.8,92.27,26.93177513,Early
01/01/2025 14:06,0.125068652,-0.00064,45.3,86.97,32.28920383,Early
01/01/2025 14:07,0.103052373,-0.00013,46.8,85.76,14.54735211,Early
01/01/2025 14:08,0.081708506,0.00936,49.2,88.79,27.89112329,Early
01/01/2025 14:09,0.0547,-0.0284,44.4,95.15,25.09,Normal
01/01/2025 14:10,0.047473204,0.0007,50.7,99.55,35.19035099,Normal
01/01/2025 14:11,0.091109385,0.00072,52.9,95.76,18.52236849,Early
01/01/2025 14:12,0.038493144,0.00034,43.2,96.21,8.667842566,Critical
01/01/2025 14:13,0.122583228,0.00122,47.7,93.03,23.77095401,Critical
01/01/2025 14:14,0.0552,0.00193,43.6,93.48,24.48,Early
01/01/2025 14:15,0.0831,0.00766,45,95.3,24.15,Critical
01/01/2025 14:16,0.078488932,-0.00067,51.2,85,41.77638902,Normal
01/01/2025 14:17,0.053910408,-0.00125,44,87.88,23.88047795,Early
01/01/2025 14:18,0.086015123,0.00028,48.8,98.33,19.89272462,Critical
01/01/2025 14:19,0.13785751,0.00079,38.6,93.94,12.2000724,Normal
01/01/2025 14:20,0.070968855,0.00043,52.1,95,27.7553239,Normal
01/01/2025 14:21,0.045438871,0,43.2,93.33,23.92363014,Critical
01/01/2025 14:22,0.103947652,0.0007,53.2,92.42,9.643273951,Critical
01/01/2025 14:23,0.032779715,0.0034,48.6,94.39,27.59823589,Normal
01/01/2025 14:24,0.065517152,0.00847,39,88.03,43.218509,Critical
01/01/2025 14:25,0.0545,-0.00166,38.3,85.76,24.45,Normal
01/01/2025 14:26,0.099695178,-0.00078,41.8,96.06,7.020134552,Critical
01/01/2025 14:27,0.031403024,0.00043,38.6,95.91,13.09582484,Normal
01/01/2025 14:28,0.12647586,0.00034,44.8,92.27,26.93177513,Early
01/01/2025 14:29,0.111848556,-0.00071,52.2,99.09,39.1288267,Normal
01/01/2025 14:30,0.052630516,-0.00061,48.8,86.52,42.98189061,Early
01/01/2025 14:31,0.114414857,0.00034,37.6,95.91,37.11763549,Critical
01/01/2025 14:32,0.088162331,-0.00025,41.8,87.58,37.77762691,Normal
01/01/2025 14:33,0.068786063,0.00034,46.8,90.45,33.99642998,Normal
01/01/2025 14:34,0.037141588,0.01173,38.5,96.06,19.86597492,Critical
01/01/2025 14:35,0.055266111,0.00034,41.8,86.36,10.6692304,Critical
01/01/2025 14:36,0.064595194,0.00193,44.4,88.33,18.06160645,Early
01/01/2025 14:37,0.051663792,0.0017,51,98.18,17.90476858,Early
01/01/2025 14:38,0.125958635,-8.00E-05,47.3,88.33,19.09143861,Early
01/01/2025 14:39,0.081708506,0.00936,49.2,88.79,27.89112329,Early
01/01/2025 14:40,0.113676845,-0.00223,43.5,92.58,36.83445893,Normal
01/01/2025 14:41,0.097856169,-0.00141,39,91.67,34.84986674,Normal
01/01/2025 14:42,0.048101954,0.00122,41.8,86.97,25.71397242,Normal
01/01/2025 14:43,0.0536,0.00141,38.6,98.03,25.6,Early
01/01/2025 14:44,0.103947652,0.0007,53.2,92.42,9.643273951,Critical
01/01/2025 14:45,0.081708506,0.00936,49.2,88.79,27.89112329,Early
01/01/2025 14:46,0.130989746,0.00847,42.8,93.03,17.66252842,Normal
01/01/2025 14:47,0.080627662,0.00065,50.7,87.12,7.640083642,Early
01/01/2025 14:48,0.0655,0.01162,48.8,95.91,24.79,Critical
01/01/2025 14:49,0.125958635,-8.00E-05,47.3,88.33,19.09143861,Early
01/01/2025 14:50,0.073377621,-0.00141,52.1,87.73,13.64339329,Early
01/01/2025 14:51,0.072749902,-0.00085,44.8,91.82,27.80195919,Early
01/01/2025 14:52,0.121321874,0.00974,40.4,96.97,17.21393925,Early
01/01/2025 14:53,0.050207124,-0.00025,48.5,98.18,39.98669781,Critical
01/01/2025 14:54,0.0734394,0.00043,37.4,94.55,37.59155438,Critical
01/01/2025 14:55,0.0956,0.02165,49.6,95.61,24.94,Critical
01/01/2025 14:56,0.030938866,0.00068,37.8,96.36,42.92441397,Normal
01/01/2025 14:57,0.112589804,0.00237,45,85.15,40.91840927,Early
01/01/2025 14:58,0.071840991,-0.00071,38.6,95.61,38.73204428,Early
01/01/2025 14:59,0.096032141,0.00764,38.6,85.91,27.18599738,Normal
01/01/2025 15:00,0.130180829,0.0034,41.1,98.48,43.97413998,Early
01/01/2025 15:01,0.095791593,0.00014,52.9,98.33,26.26886339,Early
01/01/2025 15:02,0.041856074,0.00189,40.3,92.58,41.31752268,Critical
01/01/2025 15:03,0.0557,0.00034,37.8,87.42,25.29,Normal
01/01/2025 15:04,0.038562243,0.00189,40.3,98.33,20.35820708,Early
01/01/2025 15:05,0.064595194,0.00193,44.4,88.33,18.06160645,Early
01/01/2025 15:06,0.077741277,0.00072,52.7,98.48,34.02007699,Early
01/01/2025 15:07,0.112482916,-0.00156,41.3,97.27,22.40476636,Normal
01/01/2025 15:08,0.0536,0.00141,38.6,98.03,25.6,Early
01/01/2025 15:09,0.084451389,-0.00141,41.5,88.79,35.60054235,Critical
01/01/2025 15:10,0.071840991,-0.00071,38.6,95.61,38.73204428,Early
01/01/2025 15:11,0.109274853,0.00974,45.3,91.97,22.0364179,Normal
01/01/2025 15:12,0.081114846,-0.00267,46.7,87.73,31.31928254,Early
01/01/2025 15:13,0.111276535,0.0001,46,98.64,36.60217714,Normal
01/01/2025 15:14,0.041034984,-0.0003,48.8,94.39,35.60338548,Normal
01/01/2025 15:15,0.0536,0.00141,38.6,98.03,25.6,Early
01/01/2025 15:16,0.081708506,0.00936,49.2,88.79,27.89112329,Early
01/01/2025 15:17,0.039332561,0.0034,52.4,88.03,35.85887103,Early
01/01/2025 15:18,0.038493144,0.00034,43.2,96.21,8.667842566,Critical
01/01/2025 15:19,0.0556,0.00076,45.3,90.15,24.31,Normal
01/01/2025 15:20,0.108101498,-0.00013,40.4,99.55,28.99045084,Normal
01/01/2025 15:21,0.041856074,0.00189,40.3,92.58,41.31752268,Critical
01/01/2025 15:22,0.045357012,0.00109,39.8,91.97,27.48272897,Critical
01/01/2025 15:23,0.038562243,0.00189,40.3,98.33,20.35820708,Early
01/01/2025 15:24,0.108469209,-0.0009,48.6,90.61,32.43809915,Normal
01/01/2025 15:25,0.02708617,-0.00041,42.4,86.06,26.19262434,Normal
01/01/2025 15:26,0.0533,-0.00017,46.7,99.39,25.25,Normal
01/01/2025 15:27,0.093307176,-0.00166,41.1,99.39,34.83943702,Early
01/01/2025 15:28,0.046138482,0.0001,41.1,93.48,16.58386227,Early
01/01/2025 15:29,0.054,-0.00363,48.6,88.79,24.4,Normal
01/01/2025 15:30,0.063869729,0.00077,38.4,87.73,40.47409635,Normal
01/01/2025 15:31,0.038493144,0.00034,43.2,96.21,8.667842566,Critical
01/01/2025 15:32,0.080026027,-0.00125,49.4,86.52,21.26112573,Early
01/01/2025 15:33,0.0849,0.01173,43.3,96.36,25.19,Critical
01/01/2025 15:34,0.051663792,0.0017,51,98.18,17.90476858,Early
01/01/2025 15:35,0.079223581,0.00936,45.3,96.67,4.546878593,Early
01/01/2025 15:36,0.121175605,0.00052,40.4,98.64,43.89022139,Critical
01/01/2025 15:37,0.0558,0.0034,41.3,96.82,25.24,Early
01/01/2025 15:38,0.137574076,0.0017,41.3,87.88,43.02165263,Normal
01/01/2025 15:39,0.094541856,-0.00045,46.9,88.79,7.477000598,Normal
01/01/2025 15:40,0.045438871,0,43.2,93.33,23.92363014,Critical
01/01/2025 15:41,0.096654178,0.00204,45.6,93.64,22.72927314,Normal
01/01/2025 15:42,0.055855705,0.00189,40.3,85.61,6.4936545,Normal
01/01/2025 15:43,0.032117494,-0.00017,51,90.3,38.97270419,Normal
01/01/2025 15:44,0.131564131,0.02165,46,92.12,4.301374525,Critical
01/01/2025 15:45,0.078564665,-0.00274,40.3,95.3,16.95960244,Early
01/01/2025 15:46,0.082008788,-0.00116,44.4,91.97,28.14886127,Early
01/01/2025 15:47,0.0867274,0.00086,43.3,94.85,34.27996529,Early
01/01/2025 15:48,0.056,0.0007,52.1,89.24,25.32,Normal
01/01/2025 15:49,0.084451389,-0.00141,41.5,88.79,35.60054235,Critical
01/01/2025 15:50,0.112589804,0.00237,45,85.15,40.91840927,Early
01/01/2025 15:51,0.115883749,0.0112,53,86.97,33.83898102,Early
01/01/2025 15:52,0.077315273,-0.00013,49.4,93.48,19.17222794,Early
01/01/2025 15:53,0.14056437,-0.00237,47.5,95.91,17.8076858,Normal
01/01/2025 15:54,0.0734394,0.00043,37.4,94.55,37.59155438,Critical
01/01/2025 15:55,0.031821067,0.00141,40.3,85.15,43.45027983,Normal
01/01/2025 15:56,0.045259259,-0.00055,48.5,98.64,33.65843645,Early
01/01/2025 15:57,0.122117207,-0.00025,49.4,93.18,11.37483683,Critical
01/01/2025 15:58,0.030645268,0.00204,48.1,85.3,37.22618026,Early
01/01/2025 15:59,0.095534424,0.00043,40.4,99.7,7.110613763,Normal
01/01/2025 16:00,0.111393205,0.00122,41.8,95.45,13.32865646,Early
01/01/2025 16:01,0.122117207,-0.00025,49.4,93.18,11.37483683,Critical
01/01/2025 16:02,0.080454798,0.00014,45,97.73,25.37823565,Normal
01/01/2025 16:03,0.0532,-0.03172,42.8,96.21,24.37,Normal
01/01/2025 16:04,0.033033454,0.00183,45.8,86.82,9.354084752,Early
01/01/2025 16:05,0.0552,0.00027,51.2,92.58,25.32,Normal
01/01/2025 16:06,0.095746966,-0.00064,46.7,95.15,33.22196547,Early
01/01/2025 16:07,0.085855795,-0.00036,42.4,93.79,14.89207419,Critical
01/01/2025 16:08,0.095746966,-0.00064,46.7,95.15,33.22196547,Early
01/01/2025 16:09,0.138005662,-0.03172,49.8,95.76,35.26057927,Early
01/01/2025 16:10,0.0747,0.00928,47.4,91.97,25.45,Critical
01/01/2025 16:11,0.12060863,-0.00061,38.8,95.91,34.33569656,Normal
01/01/2025 16:12,0.122117207,-0.00025,49.4,93.18,11.37483683,Critical
01/01/2025 16:13,0.071840991,-0.00071,38.6,95.61,38.73204428,Early
01/01/2025 16:14,0.066630312,-0.02895,45.3,95.91,32.64716299,Critical
01/01/2025 16:15,0.028721345,-0.00071,41.3,90.3,14.02922642,Early
01/01/2025 16:16,0.072209758,0.00086,52.9,92.88,40.13455251,Early
01/01/2025 16:17,0.0732,0.00974,41.1,96.52,25.42,Critical
01/01/2025 16:18,0.065517152,0.00847,39,88.03,43.218509,Critical
01/01/2025 16:19,0.0561,-0.02895,52.9,91.67,24.67,Normal
01/01/2025 16:20,0.027293753,-0.00025,48.1,98.18,23.92990791,Normal
01/01/2025 16:21,0.080314678,0.00077,46.1,96.52,12.18178373,Normal
01/01/2025 16:22,0.080026027,-0.00125,49.4,86.52,21.26112573,Early
01/01/2025 16:23,0.085855795,-0.00036,42.4,93.79,14.89207419,Critical
01/01/2025 16:24,0.09707459,0.00076,41.1,93.18,32.19702199,Critical
01/01/2025 16:25,0.0747,0.00928,47.4,91.97,25.45,Critical
01/01/2025 16:26,0.048103574,0.00077,53,85.45,16.31108959,Early
01/01/2025 16:27,0.121175605,0.00052,40.4,98.64,43.89022139,Critical
01/01/2025 16:28,0.123650021,-0.00078,39.3,97.12,43.00268652,Critical
01/01/2025 16:29,0.093307176,-0.00166,41.1,99.39,34.83943702,Early
01/01/2025 16:30,0.137728876,-0.00025,51.3,97.73,33.98464928,Normal
01/01/2025 16:31,0.070477981,-0.00041,38.5,86.67,8.911075587,Early
01/01/2025 16:32,0.0747,0.00928,47.4,91.97,25.45,Critical
01/01/2025 16:33,0.064595194,0.00193,44.4,88.33,18.06160645,Early
01/01/2025 16:34,0.043961606,0.0001,41.9,95.15,9.725119422,Early
01/01/2025 16:35,0.064668612,-0.0284,50.2,85,20.58018337,Critical
01/01/2025 16:36,0.095164356,-0.00061,46.7,95.91,12.22319234,Normal
01/01/2025 16:37,0.036221485,0.00027,46.8,85.15,20.9438745,Early
01/01/2025 16:38,0.048536166,-0.00067,46.9,94.24,19.15090504,Critical
01/01/2025 16:39,0.064595194,0.00193,44.4,88.33,18.06160645,Early
01/01/2025 16:40,0.128587383,-0.03172,49.6,97.73,8.194766661,Critical
01/01/2025 16:41,0.121848921,-0.0284,37.8,89.39,15.51718466,Critical
01/01/2025 16:42,0.126885757,-0.00125,47.6,94.24,22.95879766,Early
01/01/2025 16:43,0.071894118,-0.00158,46.9,88.64,22.37387232,Critical
01/01/2025 16:44,0.0558,0.0034,41.3,96.82,25.24,Early
01/01/2025 16:45,0.131564131,0.02165,46,92.12,4.301374525,Critical
01/01/2025 16:46,0.063713712,-0.00186,45.3,97.27,37.00530707,Early
01/01/2025 16:47,0.0538,0.00043,39.3,97.12,24.8,Normal
01/01/2025 16:48,0.137168988,-0.00025,41.9,94.55,28.07741582,Normal
01/01/2025 16:49,0.116250424,0.00183,48.8,86.21,34.61425124,Normal
01/01/2025 16:50,0.09258238,0.00193,47.7,94.55,34.87527922,Normal
01/01/2025 16:51,0.0831,0.00766,45,95.3,24.15,Critical
01/01/2025 16:52,0.088121072,-0.00067,49.6,86.52,40.02289205,Critical
01/01/2025 16:53,0.123650021,-0.00078,39.3,97.12,43.00268652,Critical
01/01/2025 16:54,0.094561937,0.0034,41.8,91.97,21.07155621,Critical
01/01/2025 16:55,0.075,0.00936,46.3,88.33,24.45,Critical
01/01/2025 16:56,0.046751151,0.00082,51.8,92.12,25.40146928,Normal
01/01/2025 16:57,0.128736562,-0.00013,48.8,91.52,12.36523164,Normal
01/01/2025 16:58,0.122117207,-0.00025,49.4,93.18,11.37483683,Critical
01/01/2025 16:59,0.050207124,-0.00025,48.5,98.18,39.98669781,Critical
01/01/2025 17:00,0.072557535,0.00027,42.8,85.61,11.28428555,Critical
01/01/2025 17:01,0.077315273,-0.00013,49.4,93.48,19.17222794,Early
01/01/2025 17:02,0.048987533,-0.00125,48.6,95.45,7.515504982,Normal
01/01/2025 17:03,0.074983336,-0.00156,51.3,94.55,15.10348691,Normal
01/01/2025 17:04,0.078564665,-0.00274,40.3,95.3,16.95960244,Early
01/01/2025 17:05,0.037141588,0.01173,38.5,96.06,19.86597492,Critical
01/01/2025 17:06,0.056586598,-0.02895,37.8,94.85,5.834450656,Critical
01/01/2025 17:07,0.063713712,-0.00186,45.3,97.27,37.00530707,Early
01/01/2025 17:08,0.048103574,0.00077,53,85.45,16.31108959,Early
01/01/2025 17:09,0.141116254,0.00974,52.4,97.58,18.16586683,Normal
01/01/2025 17:10,0.0534,-0.00013,41.1,97.27,25.4,Normal
01/01/2025 17:11,0.030645268,0.00204,48.1,85.3,37.22618026,Early
01/01/2025 17:12,0.095746966,-0.00064,46.7,95.15,33.22196547,Early
01/01/2025 17:13,0.048536166,-0.00067,46.9,94.24,19.15090504,Critical
01/01/2025 17:14,0.0732,0.00974,41.1,96.52,25.42,Critical
01/01/2025 17:15,0.026829261,-0.00111,46.8,97.27,13.01331191,Critical
01/01/2025 17:16,0.03691791,0.00074,40.7,90,23.20183868,Critical
01/01/2025 17:17,0.075,0.00936,46.3,88.33,24.45,Critical
01/01/2025 17:18,0.082196302,-0.00186,38.2,99.7,16.45777056,Normal
01/01/2025 17:19,0.110298376,0.00034,52.4,98.79,11.45619947,Early
01/01/2025 17:20,0.091641383,-0.00017,44.2,85,27.53226703,Normal
01/01/2025 17:21,0.0555,0.00093,44.5,94.39,24.84,Normal
01/01/2025 17:22,0.095791593,0.00014,52.9,98.33,26.26886339,Early
01/01/2025 17:23,0.131564131,0.02165,46,92.12,4.301374525,Critical
01/01/2025 17:24,0.044432138,0.00311,47.4,92.73,25.59124248,Normal
01/01/2025 17:25,0.0556,-0.00041,47.3,92.27,25.26,Normal
01/01/2025 17:26,0.063410073,0.01173,41.3,91.97,40.62054709,Early
01/01/2025 17:27,0.076421485,0.00027,40.7,88.64,27.53055028,Critical
01/01/2025 17:28,0.081114846,-0.00267,46.7,87.73,31.31928254,Early
01/01/2025 17:29,0.05500595,-0.00064,39.3,90,18.20417213,Critical
01/01/2025 17:30,0.060014318,0.00043,44.6,85.3,42.16347746,Critical
01/01/2025 17:31,0.038562243,0.00189,40.3,98.33,20.35820708,Early
01/01/2025 17:32,0.038562243,0.00189,40.3,98.33,20.35820708,Early
01/01/2025 17:33,0.0734394,0.00043,37.4,94.55,37.59155438,Critical
01/01/2025 17:34,0.041856074,0.00189,40.3,92.58,41.31752268,Critical
01/01/2025 17:35,0.0654,0.00976,49.2,92.12,24.61,Critical
01/01/2025 17:36,0.093307176,-0.00166,41.1,99.39,34.83943702,Early
01/01/2025 17:37,0.092630206,0.00928,38.5,90.15,26.55860368,Normal
01/01/2025 17:38,0.0849,0.01173,43.3,96.36,25.19,Critical
01/01/2025 17:39,0.073377621,-0.00141,52.1,87.73,13.64339329,Early
01/01/2025 17:40,0.0654,0.00976,49.2,92.12,24.61,Critical
01/01/2025 17:41,0.122583228,0.00122,47.7,93.03,23.77095401,Critical
01/01/2025 17:42,0.122556147,0.0007,41.1,99.09,31.86005865,Critical
01/01/2025 17:43,0.032329625,-8.00E-05,42.5,90.91,31.48662022,Normal
01/01/2025 17:44,0.04121057,-0.00067,41.1,89.39,31.6488743,Critical
01/01/2025 17:45,0.12647586,0.00034,44.8,92.27,26.93177513,Early
01/01/2025 17:46,0.122556147,0.0007,41.1,99.09,31.86005865,Critical
01/01/2025 17:47,0.060974132,0.00027,43.2,93.64,33.05588131,Normal
01/01/2025 17:48,0.043520308,0.00193,38.4,89.09,20.25569233,Early
01/01/2025 17:49,0.09707459,0.00076,41.1,93.18,32.19702199,Critical
01/01/2025 17:50,0.0545,0.00052,48.6,88.64,26.11,Normal
01/01/2025 17:51,0.106985429,9.00E-05,45,93.33,9.324677143,Normal
01/01/2025 17:52,0.089288767,0.01162,38.5,88.48,31.6224093,Normal
01/01/2025 17:53,0.121187863,0.00189,42.5,88.64,25.9568792,Normal
01/01/2025 17:54,0.086015123,0.00028,48.8,98.33,19.89272462,Critical
01/01/2025 17:55,0.0537,0.00012,38.2,98.64,24.59,Normal
01/01/2025 17:56,0.0732,0.00974,41.1,96.52,25.42,Critical
01/01/2025 17:57,0.0732,0.00974,41.1,96.52,25.42,Critical
01/01/2025 17:58,0.081708506,0.00936,49.2,88.79,27.89112329,Early
01/01/2025 17:59,0.113153253,0.00074,41.9,87.58,25.59442548,Normal
01/01/2025 18:00,0.053372507,0.0001,51.2,88.18,18.51031579,Critical
01/01/2025 18:01,0.110282525,-0.00166,44.4,87.42,24.0915339,Critical
01/01/2025 18:02,0.122117207,-0.00025,49.4,93.18,11.37483683,Critical
01/01/2025 18:03,0.114414857,0.00034,37.6,95.91,37.11763549,Critical
01/01/2025 18:04,0.0535,0.00222,40.9,98.79,24.98,Early
01/01/2025 18:05,0.096579103,0.00764,49.8,89.24,39.05776304,Normal
01/01/2025 18:06,0.040068381,9.00E-05,41.1,95.3,6.065419115,Critical
01/01/2025 18:07,0.067990276,-0.00057,44.4,98.18,28.59801053,Normal
01/01/2025 18:08,0.027286479,-0.02895,40.4,95,9.909563676,Normal
01/01/2025 18:09,0.0558,0.0034,41.3,96.82,25.24,Early
01/01/2025 18:10,0.071840991,-0.00071,38.6,95.61,38.73204428,Early
01/01/2025 18:11,0.050207124,-0.00025,48.5,98.18,39.98669781,Critical
01/01/2025 18:12,0.0634,0.00764,42.4,96.67,24.81,Critical
01/01/2025 18:13,0.081708506,0.00936,49.2,88.79,27.89112329,Early
01/01/2025 18:14,0.065517152,0.00847,39,88.03,43.218509,Critical
01/01/2025 18:15,0.028705628,-0.00125,48.5,88.79,33.66747777,Early
01/01/2025 18:16,0.122583228,0.00122,47.7,93.03,23.77095401,Critical
01/01/2025 18:17,0.134205427,-0.00363,41.8,91.06,34.39821636,Normal
01/01/2025 18:18,0.100853267,0.02165,48.5,95.15,36.29721007,Normal
01/01/2025 18:19,0.060014318,0.00043,44.6,85.3,42.16347746,Critical
01/01/2025 18:20,0.072557535,0.00027,42.8,85.61,11.28428555,Critical
01/01/2025 18:21,0.103052373,-0.00013,46.8,85.76,14.54735211,Early
01/01/2025 18:22,0.091109385,0.00072,52.9,95.76,18.52236849,Early
01/01/2025 18:23,0.076580586,-0.00267,44.5,92.27,4.212000256,Normal
01/01/2025 18:24,0.111088566,-0.00045,47.6,89.7,41.05797694,Early
01/01/2025 18:25,0.125043134,-0.00085,50.7,89.24,25.46362584,Normal
01/01/2025 18:26,0.032665815,0.0012,47.7,86.97,38.4427208,Early
01/01/2025 18:27,0.122117207,-0.00025,49.4,93.18,11.37483683,Critical
01/01/2025 18:28,0.033384021,0.00086,44,88.48,33.44988735,Normal
01/01/2025 18:29,0.072474538,-8.00E-05,48.1,97.73,32.83252385,Critical
01/01/2025 18:30,0.082599581,-0.00111,51.2,86.82,13.43624138,Normal
01/01/2025 18:31,0.029107375,0.00974,39.5,98.64,5.31386681,Normal
01/01/2025 18:32,0.071894118,-0.00158,46.9,88.64,22.37387232,Critical
01/01/2025 18:33,0.077986005,-0.00085,46.7,99.24,42.70797553,Normal
01/01/2025 18:34,0.053307685,0.00034,44.4,95.61,11.20269089,Normal
01/01/2025 18:35,0.101429998,0.00189,51.3,95.45,41.28057369,Normal
01/01/2025 18:36,0.0536,0.00141,38.6,98.03,25.6,Early
01/01/2025 18:37,0.105224695,0.00311,44.4,98.48,32.56256329,Normal
01/01/2025 18:38,0.114328335,-0.00099,43.2,87.88,42.48395143,Critical
01/01/2025 18:39,0.0747,0.00928,47.4,91.97,25.45,Critical
01/01/2025 18:40,0.096511683,0.00034,49.4,88.79,21.48773585,Normal
01/01/2025 18:41,0.045210172,0.00043,43.6,86.97,23.18328407,Early
01/01/2025 18:42,0.131659129,0.00311,37.8,93.48,32.86386203,Normal
01/01/2025 18:43,0.13071875,0.0001,37.6,89.7,37.66118641,Early
01/01/2025 18:44,0.0544,0.00028,45,99.85,25.24,Normal
01/01/2025 18:45,0.118787968,-0.00274,46.3,96.52,6.649439114,Normal
01/01/2025 18:46,0.0867274,0.00086,43.3,94.85,34.27996529,Early
01/01/2025 18:47,0.123650021,-0.00078,39.3,97.12,43.00268652,Critical
01/01/2025 18:48,0.110282525,-0.00166,44.4,87.42,24.0915339,Critical
01/01/2025 18:49,0.131564131,0.02165,46,92.12,4.301374525,Critical
01/01/2025 18:50,0.0558,0.0034,41.3,96.82,25.24,Early
01/01/2025 18:51,0.0535,0.00222,40.9,98.79,24.98,Early
01/01/2025 18:52,0.026829261,-0.00111,46.8,97.27,13.01331191,Critical
01/01/2025 18:53,0.059456813,-0.00085,49.6,90.3,15.76178717,Normal
01/01/2025 18:54,0.059397776,-8.00E-05,41.8,89.24,27.03993671,Early
01/01/2025 18:55,0.093307176,-0.00166,41.1,99.39,34.83943702,Early
01/01/2025 18:56,0.055266111,0.00034,41.8,86.36,10.6692304,Critical
01/01/2025 18:57,0.0558,0.0034,41.3,96.82,25.24,Early
01/01/2025 18:58,0.036221485,0.00027,46.8,85.15,20.9438745,Early
01/01/2025 18:59,0.075,0.00936,46.3,88.33,24.45,Critical
01/01/2025 19:00,0.041856074,0.00189,40.3,92.58,41.31752268,Critical
01/01/2025 19:01,0.126885757,-0.00125,47.6,94.24,22.95879766,Early
01/01/2025 19:02,0.110005832,0.00141,52.1,93.03,8.11664123,Early
01/01/2025 19:03,0.063989278,0.00034,43.2,97.88,31.95383413,Critical
01/01/2025 19:04,0.053910408,-0.00125,44,87.88,23.88047795,Early
01/01/2025 19:05,0.072342451,0.00076,38.4,95.76,17.97547996,Early
01/01/2025 19:06,0.0553,0.0012,41.8,93.94,24.44,Early
01/01/2025 19:07,0.121175605,0.00052,40.4,98.64,43.89022139,Critical
01/01/2025 19:08,0.043264789,0.00014,41.1,96.21,36.90335504,Early
01/01/2025 19:09,0.122583228,0.00122,47.7,93.03,23.77095401,Critical
01/01/2025 19:10,0.139634051,0.00766,40.7,95.91,14.65993573,Early
01/01/2025 19:11,0.039332561,0.0034,52.4,88.03,35.85887103,Early
01/01/2025 19:12,0.0654,0.00976,49.2,92.12,24.61,Critical
01/01/2025 19:13,0.0559,0.00104,52.4,90.76,24.55,Early
01/01/2025 19:14,0.082066765,0.0001,40.9,89.7,35.38673056,Normal
01/01/2025 19:15,0.053372507,0.0001,51.2,88.18,18.51031579,Critical
01/01/2025 19:16,0.139634051,0.00766,40.7,95.91,14.65993573,Early
01/01/2025 19:17,0.045210172,0.00043,43.6,86.97,23.18328407,Early
01/01/2025 19:18,0.053372507,0.0001,51.2,88.18,18.51031579,Critical
01/01/2025 19:19,0.122556147,0.0007,41.1,99.09,31.86005865,Critical
01/01/2025 19:20,0.128587383,-0.03172,49.6,97.73,8.194766661,Critical
01/01/2025 19:21,0.069609589,-0.0003,43.2,88.79,25.94412472,Normal
01/01/2025 19:22,0.126971132,0.00027,37.4,90.76,10.18688564,Normal
01/01/2025 19:23,0.057,0.00311,46.9,94.85,25.6,Early
01/01/2025 19:24,0.131311683,-0.00061,46.9,90.15,11.29135514,Critical
01/01/2025 19:25,0.070600434,-0.0005,44.8,85.76,22.38726051,Normal
01/01/2025 19:26,0.0572,0.00183,50.7,91.21,24.17,Early
01/01/2025 19:27,0.05500595,-0.00064,39.3,90,18.20417213,Critical
01/01/2025 19:28,0.056586598,-0.02895,37.8,94.85,5.834450656,Critical
01/01/2025 19:29,0.139634051,0.00766,40.7,95.91,14.65993573,Early
01/01/2025 19:30,0.130264131,0.0012,44.4,90.15,16.86331059,Early
01/01/2025 19:31,0.040068381,9.00E-05,41.1,95.3,6.065419115,Critical
01/01/2025 19:32,0.0576,0.00204,51.2,88.94,25.31,Early
01/01/2025 19:33,0.0572,0.00189,50.2,89.55,24.67,Early
01/01/2025 19:34,0.072662364,-0.00111,47.8,90.91,40.12604235,Normal
01/01/2025 19:35,0.0552,0.00193,43.6,93.48,24.48,Early
01/01/2025 19:36,0.132202894,-0.0284,46.8,85.76,42.32683172,Normal
01/01/2025 19:37,0.0552,0.00193,43.6,93.48,24.48,Early
01/01/2025 19:38,0.128587383,-0.03172,49.6,97.73,8.194766661,Critical
01/01/2025 19:39,0.045357012,0.00109,39.8,91.97,27.48272897,Critical
01/01/2025 19:40,0.094561937,0.0034,41.8,91.97,21.07155621,Critical
01/01/2025 19:41,0.095746966,-0.00064,46.7,95.15,33.22196547,Early
01/01/2025 19:42,0.10471643,-0.0284,45.8,87.73,7.491607184,Normal
01/01/2025 19:43,0.08615961,-0.00057,49.2,100,39.76869052,Normal
01/01/2025 19:44,0.0657,0.0112,48.6,88.48,25.42,Critical
01/01/2025 19:45,0.0554,-8.00E-05,52.2,91.36,25.18,Normal
01/01/2025 19:46,0.0634,0.00764,42.4,96.67,24.81,Critical
01/01/2025 19:47,0.079056245,0,40.9,89.55,21.54978702,Normal
01/01/2025 19:48,0.039752873,-0.0009,37.6,91.97,20.17526006,Normal
01/01/2025 19:49,0.101743949,-0.00071,48.8,91.97,35.51159555,Normal
01/01/2025 19:50,0.034925743,0.00055,42.8,86.67,26.23226326,Normal
01/01/2025 19:51,0.063304386,0.00222,38.5,94.39,42.20945251,Normal
01/01/2025 19:52,0.057,0.00311,46.9,94.85,25.6,Early
01/01/2025 19:53,0.094561937,0.0034,41.8,91.97,21.07155621,Critical
01/01/2025 19:54,0.028392578,-0.00067,40.7,86.06,4.210152742,Critical
01/01/2025 19:55,0.0576,0.00204,51.2,88.94,25.31,Early
01/01/2025 19:56,0.045357012,0.00109,39.8,91.97,27.48272897,Critical
01/01/2025 19:57,0.078564665,-0.00274,40.3,95.3,16.95960244,Early
01/01/2025 19:58,0.0545,-0.00057,43.2,86.36,24.29,Normal
01/01/2025 19:59,0.0542,0.00055,40.7,97.58,25.83,Normal
01/01/2025 20:00,0.103166496,-0.00085,46.7,85.61,26.06890381,Critical
01/01/2025 20:01,0.114328335,-0.00099,43.2,87.88,42.48395143,Critical
01/01/2025 20:02,0.115883749,0.0112,53,86.97,33.83898102,Early
01/01/2025 20:03,0.118501897,-0.00141,45.8,91.06,34.83645508,Normal
01/01/2025 20:04,0.047413991,0.00027,49.4,98.03,32.91584386,Normal
01/01/2025 20:05,0.048103574,0.00077,53,85.45,16.31108959,Early
01/01/2025 20:06,0.126873469,0.00109,44.4,98.94,43.63717906,Normal
01/01/2025 20:07,0.135318808,-0.00111,49.6,85.15,37.07195311,Early
01/01/2025 20:08,0.055266111,0.00034,41.8,86.36,10.6692304,Critical
01/01/2025 20:09,0.065517152,0.00847,39,88.03,43.218509,Critical
01/01/2025 20:10,0.128680096,-0.0009,39.3,85,28.12789609,Normal
01/01/2025 20:11,0.033033454,0.00183,45.8,86.82,9.354084752,Early
01/01/2025 20:12,0.065049108,-0.00116,45,93.48,13.92905771,Normal
01/01/2025 20:13,0.038621854,0.00222,48.6,98.79,26.6310648,Critical
01/01/2025 20:14,0.071009433,0.00764,49.2,85.61,36.65542941,Early
01/01/2025 20:15,0.139499621,0.00189,45.3,98.18,9.564647766,Early
01/01/2025 20:16,0.130123938,0.00027,44.4,88.79,4.920904192,Normal
01/01/2025 20:17,0.040068381,9.00E-05,41.1,95.3,6.065419115,Critical
01/01/2025 20:18,0.078163589,0.00055,43.2,98.33,24.24415825,Normal
01/01/2025 20:19,0.103107726,-0.00141,48.5,86.52,37.62839944,Normal
01/01/2025 20:20,0.0559,0.00104,52.4,90.76,24.55,Early
01/01/2025 20:21,0.094446921,0.00052,45.6,98.94,8.123749841,Normal
01/01/2025 20:22,0.060646984,0.00189,41.8,94.55,25.27429919,Early
01/01/2025 20:23,0.113530164,0.00237,43.6,94.39,41.97227188,Critical
01/01/2025 20:24,0.046138482,0.0001,41.1,93.48,16.58386227,Early
01/01/2025 20:25,0.086015123,0.00028,48.8,98.33,19.89272462,Critical
01/01/2025 20:26,0.028392578,-0.00067,40.7,86.06,4.210152742,Critical
01/01/2025 20:27,0.0654,0.00976,49.2,92.12,24.61,Critical
01/01/2025 20:28,0.121502594,-0.00057,44.5,85.3,22.17071889,Normal
01/01/2025 20:29,0.055,-0.00036,49.8,92.73,25.62,Normal
01/01/2025 20:30,0.071009433,0.00764,49.2,85.61,36.65542941,Early
01/01/2025 20:31,0.073377621,-0.00141,52.1,87.73,13.64339329,Early
01/01/2025 20:32,0.123688208,-0.00036,47.8,99.85,12.50723137,Critical
01/01/2025 20:33,0.134320876,0.00154,45.3,89.24,42.71895062,Normal
01/01/2025 20:34,0.0732,0.00974,41.1,96.52,25.42,Critical
01/01/2025 20:35,0.121321874,0.00974,40.4,96.97,17.21393925,Early
01/01/2025 20:36,0.125958635,-8.00E-05,47.3,88.33,19.09143861,Early
01/01/2025 20:37,0.101885346,-0.00061,38.5,93.03,26.92603397,Normal
01/01/2025 20:38,0.0537,0.00034,39.8,97.73,23.71,Normal
01/01/2025 20:39,0.102288078,0.00079,51,91.06,37.46259253,Normal
01/01/2025 20:40,0.0563,0.00109,44.7,87.88,24.43,Early
01/01/2025 20:41,0.101769044,-0.03172,40.3,85.61,23.35019768,Normal
01/01/2025 20:42,0.065244625,0.00055,44.4,88.33,27.36797939,Normal
01/01/2025 20:43,0.026818802,0.00936,44.4,88.18,31.38286192,Early
01/01/2025 20:44,0.0538,0.00065,50.1,96.06,24.91,Normal
01/01/2025 20:45,0.060646984,0.00189,41.8,94.55,25.27429919,Early
01/01/2025 20:46,0.037693178,-0.0003,45.8,85.61,14.15554256,Critical
01/01/2025 20:47,0.137870225,0.00082,48.6,89.24,8.263149205,Early
01/01/2025 20:48,0.036221485,0.00027,46.8,85.15,20.9438745,Early
01/01/2025 20:49,0.131564131,0.02165,46,92.12,4.301374525,Critical
01/01/2025 20:50,0.034677924,0.00766,47.6,93.03,25.06313867,Early
01/01/2025 20:51,0.0634,0.00764,42.4,96.67,24.81,Critical
01/01/2025 20:52,0.117728326,-0.00267,51.3,95.91,32.73829083,Normal
01/01/2025 20:53,0.076421485,0.00027,40.7,88.64,27.53055028,Critical
01/01/2025 20:54,0.075954688,-0.00073,46.8,92.88,5.875858712,Early
01/01/2025 20:55,0.115883749,0.0112,53,86.97,33.83898102,Early
01/01/2025 20:56,0.050207124,-0.00025,48.5,98.18,39.98669781,Critical
01/01/2025 20:57,0.081114846,-0.00267,46.7,87.73,31.31928254,Early
01/01/2025 20:58,0.103947652,0.0007,53.2,92.42,9.643273951,Critical
01/01/2025 20:59,0.046138482,0.0001,41.1,93.48,16.58386227,Early
01/01/2025 21:00,0.131462273,0.00928,52.7,96.97,28.15831488,Normal
01/01/2025 21:01,0.0755,-0.02011,47.5,95.45,25.14,Normal
01/01/2025 21:02,0.038562243,0.00189,40.3,98.33,20.35820708,Early
01/01/2025 21:03,0.065517152,0.00847,39,88.03,43.218509,Critical
01/01/2025 21:04,0.098860158,-0.00186,45,93.33,37.61758528,Normal
01/01/2025 21:05,0.085855795,-0.00036,42.4,93.79,14.89207419,Critical
01/01/2025 21:06,0.0634,0.00764,42.4,96.67,24.81,Critical
01/01/2025 21:07,0.126687022,-0.00067,45.3,95.15,32.86131444,Normal
01/01/2025 21:08,0.046138482,0.0001,41.1,93.48,16.58386227,Early
01/01/2025 21:09,0.055841706,-0.00037,38.3,85.45,33.43618453,Normal
01/01/2025 21:10,0.079223581,0.00936,45.3,96.67,4.546878593,Early
01/01/2025 21:11,0.086507246,0.00074,41.1,98.94,5.272187259,Normal
01/01/2025 21:12,0.041856074,0.00189,40.3,92.58,41.31752268,Critical
01/01/2025 21:13,0.0956,0.02165,49.6,95.61,24.94,Critical
01/01/2025 21:14,0.074880202,-0.00143,38.8,89.24,4.887389681,Normal
01/01/2025 21:15,0.093564479,0.00237,41.1,99.09,20.31937981,Normal
01/01/2025 21:16,0.114328335,-0.00099,43.2,87.88,42.48395143,Critical
01/01/2025 21:17,0.036221485,0.00027,46.8,85.15,20.9438745,Early
01/01/2025 21:18,0.12338509,-8.00E-05,49.4,89.39,31.90670295,Normal
01/01/2025 21:19,0.128587383,-0.03172,49.6,97.73,8.194766661,Critical
01/01/2025 21:20,0.056586598,-0.02895,37.8,94.85,5.834450656,Critical
01/01/2025 21:21,0.038493144,0.00034,43.2,96.21,8.667842566,Critical
01/01/2025 21:22,0.131564131,0.02165,46,92.12,4.301374525,Critical
01/01/2025 21:23,0.099695178,-0.00078,41.8,96.06,7.020134552,Critical
